nome,sku,preco_atual,preco_original,estoque,marca,categorias,descricao,imagens,url
Grama São Carlos - Por M²,PD092251-5H4TBJHY5,24.9,34.9,Disponível,Planta Delivery,,"A Grama São Carlos possui folhas pequenas e largas e é muito parecida com a Grama Batatais, porém sem pêlos. Porém, ela possui mais folha do que raiz quando comparada à Grama Batatais. A Grama São Carlos é um tipo de grama sorrateira e perene, muito indicada para praças e áreas ensolaradas e meia-sombreadas. NOME CIENTÍFICO Axonopus compressus; NOMES POPULARES Grama-são-carlos, Grama_curitibana, Grama-missioneira, Grama-sempre-verde, Grama-tapete FAMÍLIA Poaceae; CLIMA Equatorial, Subtropical, Temperado, Tropical; ORIGEM América do Sul, Brasil A grama-são-carlos tem folhas largas, lisas e sem pêlos. É estolonífera, isto é, o caule fica acima do solo e emite as raízes para baixo e as folhas para cima. De coloração verde vibrante a pleno sol e um pouco mais escura à sombra, há ainda uma forma variegada de folhas com margens branco-creme. É indicada para jardins públicos, industriais, residenciais, principalmente sítios e fazendas. Adaptada ao clima frio, vai bem a pleno sol e a meia-sombra, formando um tapete bem denso. Vendido comumente na forma de placas ou mudas. Deve ser cultivada em solo fértil, com regas freqüentes pois não resiste à seca. Não tolera sombra total. O corte deve-ser feito sempre que a altura chegar a 3 centímetros. Multiplica-se pela divisão dos estolões enraizados. Imagem Ilustrativa: A planta segue com vaso simples ou torrão. Instruções Básicas Caro cliente, assim que receber seu produto, retire-o da embalagem e o coloque em seu lugar definitivo de plantio, lembrando sempre que o mesmo deverá ter o dobro do tamanho do torrão da planta para que haja espaço para colocar substrato adicional para um melhor desenvolvimento e não esqueça de ler atentamente as informações de sua planta para um melhor cuidado. Obs.: ENTREGA DESTE PRODUTO PODERÁ LEVAR UM PRAZO DE ENTREGA MAIOR QUE O NORMAL, DEVIDO AO ITEM SER ADQUIRIDO SOMENTE POR ENCOMENDA.",https://cdn.awsli.com.br/1200x1200/1982/1982052/produto/147088698/ebe6d7e9b0.jpg | https://cdn.awsli.com.br/1200x1200/1982/1982052/produto/147088698/874fb37445.jpg | https://cdn.awsli.com.br/1200x1200/1982/1982052/produto/138469834/75e03f24ba.jpg | https://cdn.awsli.com.br/1200x1200/1982/1982052/produto/137593375/4aacf023f6.jpg | https://cdn.awsli.com.br/1200x1200/1982/1982052/produto/137585039/47a2e38cb7.jpg | https://cdn.awsli.com.br/1200x1200/1982/1982052/produto/137566542/8eb8d56f8f.jpg,https://www.plantadelivery.com.br/5h4tbjhy5-grama-esmeralda-por-m2
Acalifa ou Rabo de Gato - Caixa com 15 unidades,PD092256,49.9,49.9,Disponível,Planta Delivery,,"Acalifa – Rabo de Gato (Caixa com 15 unidades) – Cores vibrantes para seu jardim A Acalifa, popularmente conhecida como Rabo de Gato , é uma planta ornamental que conquista pela exuberância de suas flores alongadas e aveludadas em tons vibrantes de vermelho. Ideal para jardins tropicais e projetos paisagísticos cheios de cor, ela também pode ser cultivada em vasos e jardineiras, desde que em ambientes bem iluminados. Essa caixa com 15 unidades é perfeita para quem deseja preencher canteiros ou criar bordaduras de impacto com uma planta que floresce praticamente o ano inteiro. 🌟 Frete grátis para entregas na cidade do Rio de Janeiro! Entrega rápida e com qualidade garantida. 🌿 Características da Planta Característica Detalhes Nome científico Acalypha reptans Nome popular Acalifa, Rabo de Gato Origem Ásia tropical Ambiente ideal Pleno sol ou meia-sombra Tamanho de crescimento Até 30 cm de altura Luminosidade Sol pleno a luz filtrada Rega Frequente (solo sempre úmido, mas não encharcado) Toxicidade Levemente tóxica para pets (se ingerida) 🪴 Sobre as mudas Tamanho das mudas : entre 10 e 20 cm Importante : Por se tratar de um produto natural, o tamanho informado corresponde ao mínimo enviado. Algumas mudas podem ser entregues com tamanho acima do especificado , conforme disponibilidade do viveiro. 📦 Informações importantes Imagens meramente ilustrativas. Vasos ornamentais não inclusos. As mudas são enviadas com torrão protegido , prontas para o replantio. É fundamental realizar o replantio imediato após o recebimento para garantir o bom desenvolvimento da planta. Plantas com flores ou frutos não têm garantia de serem enviadas floridas ou frutificadas , pois variam de acordo com a estação e o estágio de desenvolvimento no momento do envio. Frete grátis disponível apenas para entregas na cidade do Rio de Janeiro . Entrega rápida, com embalagens seguras e plantas saudáveis. 🌺 Dica de cultivo A Acalifa se desenvolve melhor em ambientes quentes e úmidos. Para estimular uma fl",https://cdn.awsli.com.br/1200x1200/1982/1982052/produto/138471948/5dda229ef5.jpg | https://cdn.awsli.com.br/1200x1200/1982/1982052/produto/138471948/acalifa-qj8iyicbs2.webp | https://cdn.awsli.com.br/1200x1200/1982/1982052/produto/138471948/9d0eb06147.jpg | https://cdn.awsli.com.br/1200x1200/1982/1982052/produto/139806253/71ee0adbaa.jpg | https://cdn.awsli.com.br/1200x1200/1982/1982052/produto/138463610/445f2cb3f5.jpg | https://cdn.awsli.com.br/1200x1200/1982/1982052/produto/135821395/73051d5151.jpg | https://cdn.awsli.com.br/1200x1200/1982/1982052/produto/138551260/9d80068874.jpg,https://www.plantadelivery.com.br/acalifa-ou-rabo-de-gato-caixa-com-15-unidades
"Acerola - 1,00 m a 1,50 m",PD102212,21.65,129.9,Disponível,Planta Delivery,,"Acerola – Frutífera tropical rica em vitamina C A Acerola é uma frutífera tropical muito apreciada por seus frutos pequenos, vermelhos e extremamente ricos em vitamina C . Ideal para cultivo em quintais, hortas domésticas, pomares e jardins comestíveis , ela se adapta bem a vasos grandes ou diretamente no solo, produzindo frutas deliciosas e nutritivas ao longo do ano, principalmente em regiões quentes. Além de seu valor alimentar e medicinal, a aceroleira também oferece sombras agradáveis e flores discretas, contribuindo com beleza e funcionalidade para o paisagismo. 🌟 Frete grátis para entregas na cidade do Rio de Janeiro! Entrega rápida e com qualidade garantida. 🌿 Características da Planta Característica Detalhes Nome científico Malpighia emarginata Nome popular Acerola Origem América Central e do Sul Ambiente ideal Pleno sol Tamanho de crescimento Até 3 metros de altura Luminosidade Sol pleno Rega Regular, mantendo o solo úmido Toxicidade Não tóxica 🪴 Sobre as mudas Tamanho das mudas : entre 1,00 m e 1,50 m Importante : Por se tratar de um produto natural, o tamanho informado corresponde ao mínimo enviado. Algumas mudas podem ser entregues com tamanho acima do especificado , conforme disponibilidade do viveiro. 📦 Informações importantes Imagens meramente ilustrativas. Vasos ornamentais não inclusos. As mudas são enviadas com torrão protegido , prontas para o replantio. É fundamental realizar o replantio imediato após o recebimento para garantir o bom desenvolvimento da planta. Plantas com flores ou frutos não têm garantia de serem enviadas floridas ou frutificadas , pois variam de acordo com a estação e o estágio de desenvolvimento no momento do envio. Frete grátis disponível apenas para entregas na cidade do Rio de Janeiro . Entrega rápida, com embalagens seguras e plantas saudáveis. 🌱 Dica de cultivo A Acerola se desenvolve melhor em sol pleno e solo bem drenado , com regas regulares. Para aumentar a frutificação, adube a planta periodicamente com matéria org",https://cdn.awsli.com.br/1200x1200/1982/1982052/produto/138701808/d5208c5bd3.jpg | https://cdn.awsli.com.br/1200x1200/1982/1982052/produto/138701808/9ed34a373d-vcs1e64qvg.webp | https://cdn.awsli.com.br/1200x1200/1982/1982052/produto/138701808/aceroleira-01_1-6nyxmfci84.jpg | https://cdn.awsli.com.br/1200x1200/1982/1982052/produto/138701808/d59755dcb0.jpg | https://cdn.awsli.com.br/1200x1200/1982/1982052/produto/138461939/cdc11e1a40.jpg,https://www.plantadelivery.com.br/acerola
Agave,,179.9,89.9,Utilizamos cookies para que você tenha a melhor experiência em nosso site. Para saber mais acesse nossa página de,,,"Possuímos ampla variedade de plantas, vasos e artigo de jardinagem. Com atendimento personalizado, também oferecemos serviços e vendas para varejo e atacado, para pessoas físicas e jurídicas.  Nossa missão é entregar uma experiência do começo ao fim!",https://cdn.awsli.com.br/1200x1200/1982/1982052/produto/139267799/3013710908.jpg | https://cdn.awsli.com.br/1200x1200/1982/1982052/produto/138624745/134879e521.jpg | https://cdn.awsli.com.br/1200x1200/1982/1982052/produto/138611281/14e7284859.jpg | https://cdn.awsli.com.br/1200x1200/1982/1982052/produto/138611170/2a9ae5cddd.jpg,https://www.plantadelivery.com.br/agave
"Agave Americana ou Agave Azul - 0,30cm a 0,50cm",PD0922175,29.98,179.9,Disponível,Planta Delivery,,"Agave Americana – Rústica, escultural e resistente ao sol A Agave Americana , também conhecida como Agave Azul , é uma planta ornamental muito usada em jardins de baixo consumo de água , projetos de paisagismo contemporâneo e até em áreas com solo pobre ou pedregoso. Com folhas rígidas e pontiagudas em tom verde-azulado, ela é altamente resistente ao sol pleno e à seca, sendo ideal para jardins tropicais, rochosos ou desérticos . Seu visual escultural valoriza canteiros, calçadas, vasos grandes e entradas de imóveis, conferindo modernidade e sofisticação ao paisagismo. 🌟 Frete grátis para entregas na cidade do Rio de Janeiro! Entrega rápida e com qualidade garantida. 🌿 Características da Planta Característica Detalhes Nome científico Agave americana Nome popular Agave Azul, Agave Americana Origem México e América Central Ambiente ideal Externo, pleno sol Tamanho de crescimento Até 1,5 m de altura por 2 m de diâmetro Luminosidade Sol pleno Rega Esporádica (planta xerófita) Toxicidade Tóxica para pets e crianças, se ingerida 🪴 Sobre as mudas Tamanho das mudas : entre 0,30 m e 0,50 m Importante : Por se tratar de um produto natural, o tamanho informado corresponde ao mínimo enviado. Algumas mudas podem ser entregues com tamanho acima do especificado , conforme disponibilidade do viveiro. 📦 Informações importantes Imagens meramente ilustrativas. Vasos ornamentais não inclusos. As mudas são enviadas com torrão protegido , prontas para o replantio. É fundamental realizar o replantio imediato após o recebimento para garantir o bom desenvolvimento da planta. Plantas com flores ou frutos não têm garantia de serem enviadas floridas ou frutificadas , pois variam de acordo com a estação e o estágio de desenvolvimento no momento do envio. Frete grátis disponível apenas para entregas na cidade do Rio de Janeiro . Entrega rápida, com embalagens seguras e plantas saudáveis. 🌱 Dica de cultivo Plante o Agave diretamente no solo ou em vasos grandes, com substrato bem drenado . Evite l",https://cdn.awsli.com.br/1200x1200/1982/1982052/produto/138624745/134879e521.jpg | https://cdn.awsli.com.br/1200x1200/1982/1982052/produto/138624745/sg-11134201-7rd6o-lvfa84inkq7179-dsnbdd63uc.jpeg | https://cdn.awsli.com.br/1200x1200/1982/1982052/produto/138624745/488a5aea45.jpg | https://cdn.awsli.com.br/1200x1200/1982/1982052/produto/139267799/3013710908.jpg | https://cdn.awsli.com.br/1200x1200/1982/1982052/produto/138611170/2a9ae5cddd.jpg | https://cdn.awsli.com.br/1200x1200/1982/1982052/produto/138611281/14e7284859.jpg | https://cdn.awsli.com.br/1200x1200/1982/1982052/produto/138546998/8343c377e5.jpg,https://www.plantadelivery.com.br/agave-americana-ou-agave-azul
Agave Palito,PD0922143,28.31,169.9,Disponível,Planta Delivery,,"Tamanho aproximado: 0,50cm a 0,80cm A agave palito é uma espécie de planta suculenta com flores geminadas ou flores gêmeas, é uma planta xerófita (plantas que desenvolveram resistência a climas secos e desérticos), pertencente à família das agaváceas ou asparagaceae. Ela é originaria de uma pequena região no México, com uma distribuição bem localizada, próximo de Narayit. Seu habitat natural situa-se nas florestas de carvalho, em solo rochoso próximos a cursos d’água, entre altitudes de 1000 e 1500 m acima do nível do mar, o lugar de sua origem lhe confere uma certa rusticidade com clima úmido no inverno e no verão, porém seco durante a primavera. Em cultivo, a agave palito mostra uma certa tolerância às chuvas constantes, o que lhe permite o seu cultivo em jardins de quase todo o país. NOME CIENTÍFICO Agave geminiflora NOMES POPULARES Agave Palito FAMÍLIA Asparagaceae CLIMA Tropical ou subtropical ORIGEM México ALTURA Pode chegar a 1,5 metros. LUMINOSIDADE Sol pleno. CICLO DE VIDA Perene. Imagem Ilustrativa: A planta segue com vaso simples ou torrão. Instruções Básicas Caro cliente, assim que receber seu produto, retire-o da embalagem e o coloque em seu lugar definitivo de plantio, lembrando sempre que o mesmo deverá ter o dobro do tamanho do torrão da planta para que haja espaço para colocar substrato adicional para um melhor desenvolvimento e não esqueça de ler atentamente as informações de sua planta para um melhor cuidado.",https://cdn.awsli.com.br/1200x1200/1982/1982052/produto/138611170/2a9ae5cddd.jpg | https://cdn.awsli.com.br/1200x1200/1982/1982052/produto/138611170/335685d61c.jpg | https://cdn.awsli.com.br/1200x1200/1982/1982052/produto/139267799/3013710908.jpg | https://cdn.awsli.com.br/1200x1200/1982/1982052/produto/138624745/134879e521.jpg | https://cdn.awsli.com.br/1200x1200/1982/1982052/produto/138611281/14e7284859.jpg,https://www.plantadelivery.com.br/agave-palito
Agave Variegata / Furcréia,PD0922144,24.98,149.9,Disponível,Planta Delivery,,"Tamanho aproximado: 0,50cm a 0,80cm A furcréia é uma espécie de porte arbustivo, suculenta e de notável aspecto escultural. Ela é muito semelhante aos agaves, com a diferença de ter menos espinhos. Suas folhas são longas, rígidas, fibrosas, glabras, mucronadas, suculentas e dispostas em roseta. Elas também podem ser recurvadas ou retilíneas, acrescentando assim ainda mais interesse escultórico à planta. Quando apresenta espinhos, estes ficam mais próximos da base das folhas. O caule é curto e dificilmente se vê, pois está sempre recoberto pelas folhas. Em plantas com as folhas podadas é possível visualizá-lo. Após muitos anos, a planta produz uma longa inflorescência paniculada, que cresce muito rápido e pode chegar a 12 metros de altura. A inflorescência é ramificada e desponta numerosas flores branco-esverdeadas, com forte perfume, que são avidamente procuradas por abelhas. Após a floração, tomam lugar na inflorescência pequenos bulbilhos, que podem ser utilizados na propagação da planta. A partir desse momento a planta começa a decair até morrer. Quando formados, o que é raro, os frutos são do tipo cápsula, deiscentes e com sementes pretas e achatadas. A espécie típica apresenta folhas de cor verde clara, no entanto, as variedades mais populares nos jardins são a Mediopicta, Variegata e Mediopicta Sport, que são variegadas com estrias longitudinais de cor branco ou creme. No paisagismo a furcréia é figura constante nos jardins contemporâneos e minimalistas, combinando com as linhas ousadas ou retas dos prédios modernos. Ela é muito valorizada em espaços limpos, com gramados ou forrações sólidas, geralmente em pequenos grupos ou linhas, com bom espaçamento. Também é interessante em jardins litorâneos e tropicais, pontuando caminhos ou em outras opções de destaque. Utilize-a de forma a enaltecer suas cores e formas. Dificilmente se presta como pano de fundo a outra espécie. Também pode ser plantada em vasos e jardineiras. Curiosidade: Da mesma forma que os agaves, ",https://cdn.awsli.com.br/1200x1200/1982/1982052/produto/138611281/14e7284859.jpg | https://cdn.awsli.com.br/1200x1200/1982/1982052/produto/138611281/e48db396e9.jpg | https://cdn.awsli.com.br/1200x1200/1982/1982052/produto/139267799/3013710908.jpg | https://cdn.awsli.com.br/1200x1200/1982/1982052/produto/138624745/134879e521.jpg | https://cdn.awsli.com.br/1200x1200/1982/1982052/produto/138611170/2a9ae5cddd.jpg | https://cdn.awsli.com.br/1200x1200/1982/1982052/produto/138537441/4c2e717b7c.jpg,https://www.plantadelivery.com.br/agave-variegata
Aglaonema Creta - Pote 12,PD092284,19.9,89.9,Disponível,Planta Delivery,,"Tamanho aproximado: 0,20 cm a 0,40 cm Aglaonema é um gênero com cerca de 50 espécies e diversas variedades, muito cultivadas em ambientes internos. As aglaonemas apresentam textura herbácea e são pequenas, com altura variando entre 20 a 150 cm. Elas apresentam folhas grandes, coriáceas, glabras, espessas, geralmente verdes, mas de tonalidades e padrões de manchas diversas. Suas inflorescências são axilares, com espata e espádice de coloração branca ou branca-esverdeada e têm pouca importância ornamental. Os frutos em geral avermelhados podem ser decorativos em muitas espécies. Sua folhagem exuberante e tropical é mais ou menos compacta, de acordo com a cultivar. É perfeita para decoração de interiores, em escritórios, shoppings, salas de estar. No entanto necessitam de boa ventilação e não suportam ambientes secos ou com ar-condicionado. São rústicas, e não necessitam de cuidados muito especiais, sendo apropriadas para jardineiros iniciantes. Podem ser plantadas em vasos, jardineiras, jardins de inverno, ou até mesmo em canteiros no jardim, formando belos maciços ou bordaduras. Devem ser cultivadas sempre à sombra (bastante luz difusa), em substrato rico em matéria orgânica, bem drenável e irrigado regularmente. Adaptam-se a ambientes internos ou externos, desde que estes sejam aquecidos, pois não toleram o frio ou geadas. Nativas de florestas densas, elas apreciam o calor e a umidade dos climas tropicais e subtropicais. No inverno as regas podem ser esparsas. O replantio anual na primavera deixa a planta mais vigorosa. NOME CIENTÍFICO Aglaonema spp NOMES POPULARES Aglaonema, Café-de-salão, Falso-café-de-salão FAMÍLIA Araceae CLIMA Equatorial, Oceânico, Subtropical, Tropical ORIGEM Ásia, Filipinas, Oceania ALTURA Pode chegar a 1,5 metros. LUMINOSIDADE Luz Difusa CICLO DE VIDA Perene. Imagem Ilustrativa: A planta segue com vaso simples ou torrão. Instruções Básicas Caro cliente, assim que receber seu produto, retire-o da embalagem e o coloque em seu lugar definitivo ",https://cdn.awsli.com.br/1200x1200/1982/1982052/produto/138524804/4b0dae4fc9.jpg | https://cdn.awsli.com.br/1200x1200/1982/1982052/produto/174033709/146cc62d69.jpg | https://cdn.awsli.com.br/1200x1200/1982/1982052/produto/138609282/03311cb540.jpg | https://cdn.awsli.com.br/1200x1200/1982/1982052/produto/174064565/55000e72c0.jpg | https://cdn.awsli.com.br/1200x1200/1982/1982052/produto/174061194/326e1ae25f.jpg,https://www.plantadelivery.com.br/aglaonema-creta-pote-12
Alamanda Roxa,PD092210,89.9,89.9,Disponível,Planta Delivery,,"Tamanho aproximado: 0,50cm a 0,80cm A alamanda-roxa é uma planta muito rústica e bonita. Ela apresenta ramos longos e arroxeados e folhas ovaladas, coriáceas, verdes e brilhantes. As flores são grandes, de cores envelhecidas, que incluem o rosa, o roxo, o amarelo e o creme, de acordo com a variedade. As floração pode se estender por todo o ano, mas é mais abundante nos meses quentes. No jardim pode ser plantada isolada ou em grupos, formando maciços e renques. No entanto é mais comum sua utilização como trepadeira, quando tutorada adequadamente sobre suportes, através de amarrios. Desta forma pode cobrir arcos, treliças e caramanchões, entre outros. Por ser uma planta tóxica, deve se ter o cuidado de mantê-la longe do alcance de crianças pequenas e filhotes de cães. Deve ser cultivada a pleno sol, em solo fértil, leve, rico em matéria orgânica e com regas regulares. Devido ao peso da ramagem vigorosa, deve-se evitar seu uso em treliças e cercas mais frágeis. Seu crescimento é moderado. Não tolera o frio intenso. Multiplica-se por sementes e estacas. NOME CIENTÍFICO Allamanda blanchetii NOMES POPULARES Alamanda-roxa, Alamanda-cheirosa, Alamanda-rosa, Orelia, Rosa-do-campo. FAMÍLIA Apocynaceae CLIMA Equatorial, Subtropical, Tropical ORIGEM América do Sul, Brasil ALTURA Pode chegar a 3,6 metros. LUMINOSIDADE Sol Pleno CICLO DE VIDA Perene. Imagem Ilustrativa: A planta segue com vaso simples ou torrão. Instruções Básicas Caro cliente, assim que receber seu produto, retire-o da embalagem e o coloque em seu lugar definitivo de plantio, lembrando sempre que o mesmo deverá ter o dobro do tamanho do torrão da planta para que haja espaço para colocar substrato adicional para um melhor desenvolvimento e não esqueça de ler atentamente as informações de sua planta para um melhor cuidado.",https://cdn.awsli.com.br/1200x1200/1982/1982052/produto/138436066/31540ef9a0.jpg | https://cdn.awsli.com.br/1200x1200/1982/1982052/produto/138436066/9fa9766673.jpg | https://cdn.awsli.com.br/1200x1200/1982/1982052/produto/138434665/2809cc30a8.jpg | https://cdn.awsli.com.br/1200x1200/1982/1982052/produto/138500352/a6bcb7cfcd.jpg | https://cdn.awsli.com.br/1200x1200/1982/1982052/produto/138528165/8f00cbe122.jpg | https://cdn.awsli.com.br/1200x1200/1982/1982052/produto/238694666/alface-crespa-roxa-zu8vv62pax.png,https://www.plantadelivery.com.br/alamanda-roxa
Alface Crespa Roxa - Caixa com 15 unidades,2LRB3HX2F,44.9,44.9,Disponível,,,"Ficha Técnica Nome científico: Lactuca sativa Família: Asteraceae Categoria: Folhas e Flores, Medicinal, Plantas Hortícolas Clima: Continental, Equatorial, Mediterrâneo, Subtropical, Temperado, Tropical Origem: Europa, Mediterrâneo Altura: 0.1 a 0.3 metros, 0.3 a 0.4 metros Luminosidade: Sol Pleno Ciclo de Vida: Anual",https://cdn.awsli.com.br/1200x1200/1982/1982052/produto/238694666/alface-crespa-roxa-zu8vv62pax.png | https://cdn.awsli.com.br/1200x1200/1982/1982052/produto/238694666/whatsapp-image-2023-10-26-at-10-32-08-4rul682v83.jpeg | https://cdn.awsli.com.br/1200x1200/1982/1982052/produto/174027508/53c931b15d.jpg | https://cdn.awsli.com.br/1200x1200/1982/1982052/produto/138540579/b3e2c28a8c.jpg | https://cdn.awsli.com.br/1200x1200/1982/1982052/produto/138528165/8f00cbe122.jpg | https://cdn.awsli.com.br/1200x1200/1982/1982052/produto/138472068/c267e200f4.jpg,https://www.plantadelivery.com.br/alface-crespa-roxa-caixa-com-15-unidades
Alocasia Amazônica,PD240143,21.65,129.9,Disponível,,,"A Alocasia Amazônica é uma planta de características distintas, ideal para ambientes de semi sombra ou internos. Sua folhagem, em formato de coração e tom escuro, destaca-se pela beleza. Esta planta de fácil manutenção é nativa do Brasil, especificamente da região amazônica, e merece um lugar de destaque na decoração. TAMANHO 3 a 5 folhas, cerca de 25 a 40 cm de altura até a ponta da folha; ORIGEM Nativa da Amazônia; PROPRIEDADES Possui folhas em forma de seta, grandes nervuras em branco e prata, sobre o verde metálico intenso e brilhante; CULTIVO Planta ideal para o interior, necessitando apenas de luz difusa. Rega duas vezes na semana costuma ser suficiente. Antes de regar, verifique a umidade do solo colocando o dedo na terra; SUBSTRATO Indicamos terra vegetal, terra para rosas do deserto, húmus de minhoca e palha de arroz carbonizado. O uso de casca de pinus com carvão pode ajudar a tornar o solo mais drenado; Imagem Ilustrativa: A planta segue com vaso simples ou torrão. Instruções Básicas : Caro cliente, assim que receber seu produto, retire-o da embalagem e o coloque em seu lugar definitivo de plantio, lembrando sempre que o mesmo deverá ter o dobro do tamanho do torrão da planta para que haja espaço para colocar substrato adicional para um melhor desenvolvimento e não esqueça de ler atentamente as informações de sua planta para um melhor cuidado.",https://cdn.awsli.com.br/1200x1200/1982/1982052/produto/251730952/alocasia-amaz-nica-faqsv0jwyp.jpg | https://cdn.awsli.com.br/1200x1200/1982/1982052/produto/251730952/alocasia-amaz-nica-2-x66lznv5vc.jpg,https://www.plantadelivery.com.br/alocasia-amazonica
Alpínia Vermelha,PD0922173,89.9,89.9,Disponível,Planta Delivery,,"Tamanho aproximado: 0,50 cm a 0,70 cm De porte médio, a alpínia é uma planta que combina muito bem com paisagens tropicais. Produz inflorescências belíssimas, com flores pequenas de coloração branca e brácteas vermelhas ou róseas, em hastes eretas. As folhas são ornamentais também. Muito rústica, esta planta também é utilizada como flor de corte. Assim como outros gengibres, esta planta aprecia solos ricos em matéria orgânica e irrigados regularmente. Deve ser cultivada a pleno sol ou meia sombra. Multiplica-se por mudas que se formam nas brácteas ou por divisão das touceiras, tomando o cuidado de deixar uma boa parte de rizoma e folhas com cada muda. Não é resistente ao frio. NOME CIENTÍFICO Alpinia purpurata NOMES POPULARES Alpínia, Gengibre-vermelh o FAMÍLIA Zingiberaceae CLIMA Equatorial, Oceânico, Subtropical, Tropical ORIGEM Ásia, Indonésia, Oceania ALTURA Pode chegar a 1,8 metros. LUMINOSIDADE Meia Sombra, Sol Pleno CICLO DE VIDA Perene. Imagem Ilustrativa: A planta segue com vaso simples ou torrão. Instruções Básicas Caro cliente, assim que receber seu produto, retire-o da embalagem e o coloque em seu lugar definitivo de plantio, lembrando sempre que o mesmo deverá ter o dobro do tamanho do torrão da planta para que haja espaço para colocar substrato adicional para um melhor desenvolvimento e não esqueça de ler atentamente as informações de sua planta para um melhor cuidado.",https://cdn.awsli.com.br/1200x1200/1982/1982052/produto/138624436/0e64fa33fa.jpg | https://cdn.awsli.com.br/1200x1200/1982/1982052/produto/138624436/ec24ecfa68.jpg,https://www.plantadelivery.com.br/alpinia-vermelha
Amor agarradinho,PD092203,89.9,89.9,Disponível,Planta Delivery,,"Tamanho aproximado: 0,50cm a 0,80cm O amor-agarradinho tem efeito surpreendente, suas flores delicadas em formato de coração criam uma atmosfera romântica e atraem muitas abelhas. As inflorescências são compostas de muitas flores rosas ou brancas, dependendo da variedade, e se formam durante a primavera e o verão. É semilenhosa, mas não muito vigorosa, portanto se adapta a qualquer tipo de suporte, desde arcos, cercas até caramanchões. As folhas fecham bem a estrutura fornecendo sombra durante todas as estações. Devem ser cultivados a pleno sol em solo fértil, enriquecido com matéria orgânica. As adubações periódicas estimulam uma floração intensa. Multiplica-se por sementes, estaquia e alporquia. NOME CIENTÍFICO Antigonon leptopus NOMES POPULARES Amor-agarradinho, Amor-entrelaçado, Bela-mexicana, Cipó-coral, Cipó-mel, Coralita, Georgina, Lágrima-de-noiva, Mimo-do-céu, Rosa-da-montanha, Rosália, Viuvinha FAMÍLIA Polygonaceae CLIMA Continental, Equatorial, Mediterrâneo, Subtropical, Tropical ORIGEM América do Norte, México ALTURA Pode chegar a 12 metros. LUMINOSIDADE Sol Pleno CICLO DE VIDA Perene. Imagem Ilustrativa: A planta segue com vaso simples ou torrão. Instruções Básicas Caro cliente, assim que receber seu produto, retire-o da embalagem e o coloque em seu lugar definitivo de plantio, lembrando sempre que o mesmo deverá ter o dobro do tamanho do torrão da planta para que haja espaço para colocar substrato adicional para um melhor desenvolvimento e não esqueça de ler atentamente as informações de sua planta para um melhor cuidado.",https://cdn.awsli.com.br/1200x1200/1982/1982052/produto/138325970/70f5cea5ca.jpg | https://cdn.awsli.com.br/1200x1200/1982/1982052/produto/138325970/90bb6b5caf.jpg,https://www.plantadelivery.com.br/amor-agarradinho
Antúrio - Pote 15,PD092283,54.9,54.9,Disponível,Planta Delivery,,"Tamanho aproximado: 0,20 cm a 0,40 cm O antúrio é uma planta tradicional no paisagismo. Fez parte de uma moda antiga e teve o brilho completamente renovado recentemente com o lançamento de novas cultivares. Utilizada há muito tempo em vasos para decorar interiores, hoje em dia pode compor maciços e bordaduras em jardins externos também. É um curinga para os cantinhos menos iluminados do jardim, onde outras flores jamais iriam prosperar. O melhoramento genético proporcionou diversas variedades, com portes diferentes e flores de coloração vermelha, rosa, salmão, chocolate, verde e branca. Exigente quanto à umidade, deve ser plantada sempre à meia-sombra, em substratos ricos em matéria orgânica, como a fibra de côco misturado com terra vegetal, com regas freqüentes e adubação adequada para florescer. Apesar destes cuidados, é uma planta rústica e de baixa manutenção. O replantio a cada 3 ou 4 anos revigora as plantas velhas. Multiplica-se por estaquia. NOME CIENTÍFICO Anthurium Andraeanum NOMES POPULARES Antúrio FAMÍLIA Araceae CLIMA Equatorial, Subtropical, Tropical ORIGEM América do Sul, Colômbia ALTURA Pode chegar a 0,60 metros LUMINOSIDADE Luz Difusa, Meia Sombra CICLO DE VIDA Perene. Imagem Ilustrativa: A planta segue com vaso simples ou torrão. Instruções Básicas Caro cliente, assim que receber seu produto, retire-o da embalagem e o coloque em seu lugar definitivo de plantio, lembrando sempre que o mesmo deverá ter o dobro do tamanho do torrão da planta para que haja espaço para colocar substrato adicional para um melhor desenvolvimento e não esqueça de ler atentamente as informações de sua planta para um melhor cuidado.",https://cdn.awsli.com.br/1200x1200/1982/1982052/produto/138523339/adc1b57b01.jpg | https://cdn.awsli.com.br/1200x1200/1982/1982052/produto/138523339/2eb2fe5b9a.jpg | https://cdn.awsli.com.br/1200x1200/1982/1982052/produto/138523339/6cd9f6a1b5.jpg | https://cdn.awsli.com.br/1200x1200/1982/1982052/produto/177261274/78ae55c854.jpg | https://cdn.awsli.com.br/1200x1200/1982/1982052/produto/174033709/146cc62d69.jpg | https://cdn.awsli.com.br/1200x1200/1982/1982052/produto/138609282/03311cb540.jpg | https://cdn.awsli.com.br/1200x1200/1982/1982052/produto/174064565/55000e72c0.jpg,https://www.plantadelivery.com.br/anturio-pote-15
Areca Bambu,PD122117,59.9,79.9,Disponível,Planta Delivery,,"Tamanho aproximado: 0,80 cm a 1,20 m A palmeira-areca é umas das palmeiras mais populares do mundo, tanto no jardim quanto na decoração de interiores. De estipes múltiplos, chega a ser muito entouceirada. Os estipes são elegantes, anelados, com bainhas de coloração verde-esbranquiçada a amarelada. As folhas são grandes, verdes, recurvadas, compostas por 20 a 50 pares de folíolos, com pecíolos e ráquis amarelados. As inflorescências são ramificadas, com numerosas e pequenas flores de cor branco-creme, perfumadas. Os frutos são verde-amarelados e tornam-se arroxeados quando maduros. Em comparação com outras palmeiras, a areca-bambu apresenta rápido crescimento. Ela pode ser conduzida de duas formas: com porte arbustivo (com muitos caules – atinge até 3 metros) ou arbóreo (com poucos caules – atinge até 9 metros). O porte arbustivo é natural, isto é, não é necessário nenhum tipo de manejo para que a planta fique entouceirada. Já o porte arbóreo, é conseguido através da poda dos estipes excedentes pela base. Esta poda deve ser realizada continuamente, sempre que surgirem novas brotações, para que os estipes selecionados ganhem vigor e se sobressaiam. Esta palmeira ainda é mais versátil do que se imagina, podendo ser amplamente utilizada no paisagismo tropical, seja isolada, em cercas vivas, grupos ou até mesmo envasada, em pátios e ambientes internos. Apesar de tolerar o sol pleno e crescer muito nestas condições, ela fica com as folhas amareladas, com as pontas queimadas. Suas folhas ficam mais vistosas e bonitas sob meia sombra ou luz difusa. Plantas envasadas que permanecem muitos meses em interiores devem receber um período de descanso em ambientes externos à meia-sombra para retomarem o vigor. Deve ser cultivada sob pleno sol, meia-sombra ou sob luz difusa em solo fértil, leve, drenável, enriquecido com matéria orgânica e irrigado regularmente. Tolerante a transplantes e ao frio leve. Aprecia umidade do ar elevada, e por este motivo não deve ser utilizada em ambien",https://cdn.awsli.com.br/1200x1200/1982/1982052/produto/139804827/06a0e356c2.jpg | https://cdn.awsli.com.br/1200x1200/1982/1982052/produto/139804827/whatsapp-image-2023-10-25-at-17-59-13-bwcdd3syuu.jpeg | https://cdn.awsli.com.br/1200x1200/1982/1982052/produto/139804827/fa97ee9880.jpg | https://cdn.awsli.com.br/1200x1200/1982/1982052/produto/139804827/cuidados-areca-bambu-yyf7k470qx.jpeg | https://cdn.awsli.com.br/1200x1200/1982/1982052/produto/138614624/58ecad935c.jpg | https://cdn.awsli.com.br/1200x1200/1982/1982052/produto/138579779/d1d368703a.jpg | https://cdn.awsli.com.br/1200x1200/1982/1982052/produto/138611812/e070561b83.jpg | https://cdn.awsli.com.br/1200x1200/1982/1982052/produto/138439442/c7b3ae5611.jpg,https://www.plantadelivery.com.br/areca-bambu
Arruda - Pote 15,PD0922132,19.9,29.9,Disponível,Planta Delivery,,"Tamanho aproximado: 0,20 cm a 0,40 cm A arruda é uma planta subarbustiva muito popular por suas propriedades aromáticas e medicinais. Suas folhas são longas, glaucas e compostas, com folíolos oblongos a elípticos de cor verde-acinzentada a azulada. Os ramos são ramificados e herbáceos e com o passar do tempo se tornam lenhosos na base. Quando amassada a planta libera um aroma pungente, considerado desagradável por muitos. As inflorescências surgem no verão e apresentam pequenas e numerosas flores amarelas. O fruto é do tipo cápsula. Esta planta é realmente muito versátil, visto que além de ser plantada em hortas, devido às suas propriedades fitoterápicas e condimentares, ela também é ornamental e cria excelentes contrastes com flores, forrações e folhagens devido à sua folhagem delicada, de cor azulada. Há inclusive variedades melhoradas para a função ornamental, como “Blue Beauty”, “Jackman’s Blue” ou “Variegata”, esta última também muito utilizada em arranjos florais. Sob podas de formação, a arruda adquire uma bela forma compacta e arredondada, podendo ser utilizada em bordaduras e maciços. Também pode ser plantada em vasos e jardineiras. À arruda também são atribuídos poderes mágicos e religiosos. Ela é historicamente considerada por muitos povos como uma erva de proteção. Desde à antigüidade seus ramos e essências são utilizados para purificar ambientes e proteger as pessoas de espíritos malignos, doenças, mau-olhado, feitiçarias e até mesmo da tentação. Ainda diz-se que dá clareza aos pensamentos e atrai o amor e o sucesso. Não obstante todos estes místicos poderes, a arruda ainda repele insetos, ratos, cães e gatos. Deve ser cultivada sob sol pleno, em solos leves, neutros a levemente alcalinos, bem drenáveis, irrigados periodicamente. Depois de bem estabelecida ela é capaz de tolerar períodos de estiagem. Não tolera encharcamentos. A arruda não é uma planta exigente, crescendo bem mesmo em solos muito pobres. Aprecia o calor, mas pode ser cultivada em locais",https://cdn.awsli.com.br/1200x1200/1982/1982052/produto/138609282/03311cb540.jpg | https://cdn.awsli.com.br/1200x1200/1982/1982052/produto/174033709/146cc62d69.jpg | https://cdn.awsli.com.br/1200x1200/1982/1982052/produto/174064565/55000e72c0.jpg | https://cdn.awsli.com.br/1200x1200/1982/1982052/produto/174061194/326e1ae25f.jpg | https://cdn.awsli.com.br/1200x1200/1982/1982052/produto/174053882/eca6e78766.jpg,https://www.plantadelivery.com.br/arruda-pote-15
Árvores,,18.31,109.9,Utilizamos cookies para que você tenha a melhor experiência em nosso site. Para saber mais acesse nossa página de,,,"Árvore é um vegetal de tronco lenhoso cujos ramos só saem a certa altura do solo. Em termos biológicos é uma planta permanentemente lenhosa de grande porte, com raízes pivotantes, caule lenhoso do tipo tronco, que forma ramos bem acima do nível do solo e que se estendem até o ápice da raiz.",https://cdn.awsli.com.br/1200x1200/1982/1982052/produto/147643482/cf48b2f42e.jpg | https://cdn.awsli.com.br/1200x1200/1982/1982052/produto/251713463/flamboyant-vermelho-3-4gtx34mmn7.jpg | https://cdn.awsli.com.br/1200x1200/1982/1982052/produto/140322867/c4504fb0b8.jpg | https://cdn.awsli.com.br/1200x1200/1982/1982052/produto/138727749/698ade6cae.jpg | https://cdn.awsli.com.br/1200x1200/1982/1982052/produto/138724037/f68b08aedc.jpg | https://cdn.awsli.com.br/1200x1200/1982/1982052/produto/138698455/b9204dbd79.jpg | https://cdn.awsli.com.br/1200x1200/1982/1982052/produto/138622230/8b653d2d26.jpg | https://cdn.awsli.com.br/1200x1200/1982/1982052/produto/149879847/0d297364c1.jpg,https://www.plantadelivery.com.br/arvore
Árvore da Felicidade,PD0922125,58.31,349.9,Disponível,Planta Delivery,,"A árvore-da-felicidade-fêmea é um arbusto ou arvoreta, de textura semi-lenhosa e folhagem ornamental, cercada de misticismo e superstições. Acredita-se que a presença da planta na casa traz harmonia e felicidade ao ambiente e seus moradores. No entanto, para receber essas dádivas não se pode comprá-la simplesmente, é preciso ganhar de presente. Essa história surgiu do fato de os povos orientais frequentemente oferecerem a planta de presente, em conjunto a uma outra espécie, a Polyscias guilfoylei, convenientemente denominada árvore-da-felicidade-macho. Apesar do nome, do parentesco e da semelhança, as plantas são de diferentes espécies e não necessitam uma da outra para viver ou se reproduzir. Ainda assim, há quem diga que somente plantadas juntas elas trazem boa sorte e felicidade. Suas folhas são tripinadas, aromáticas, brilhantes, de cor verde escura, lineares a lanceoladas e subdivididas em finos segmentos. Com o passar dos anos, as folhas de baixo secam e caem, exibindo um caule rugoso, forte e bonito, que aparenta ser mais antigo do que realmente é. Essa característica é muito procurada em plantas para a arte do bonsai. Ocorre ainda uma variedade de folhas variegadas, com margens brancas. Raramente floresce fora do seu habitat. Plante a árvore-da-felicidade-fêmea em bonitos vasos de cerâmica ou resina, que fiquem bem com a decoração do ambiente. Sua folhagem luxuriante, de textura fina e tropical tem um efeito decorativo impactante em salas, escritórios, quartos, varandas, pátios, etc. Realize podas de formação e limpeza, estimulando o adensamento da planta e prevenindo assim doenças e pragas. Mantenha a proporção do tamanho da muda com o volume do vaso. E tenha em mente que de tempos em tempos, a planta precisará ser transplantada, precisando cada vez de uma vaso maior, que acompanhe o seu desenvolvimento. No jardim pode ser plantada isolada, em conjuntos ou em renques, preferencialmente em áreas protegidas. Se conduzida em ambientes internos, tende a crescer",https://cdn.awsli.com.br/1200x1200/1982/1982052/produto/138573491/165bbf7696.jpg | https://cdn.awsli.com.br/1200x1200/1982/1982052/produto/138573491/e4d267c692.jpg | https://cdn.awsli.com.br/1200x1200/1982/1982052/produto/139836934/4ad4cd4904.jpg | https://cdn.awsli.com.br/1200x1200/1982/1982052/produto/138461939/cdc11e1a40.jpg,https://www.plantadelivery.com.br/arvore-da-felicidade
Árvore Samambaia,PD122128,21.65,129.9,Disponível,Planta Delivery,,"Tamanho aproximado: 0,80 a 1,20 m A árvore-samambaia é uma árvore dióica, perenifólia, com folhagem decorativa que lembra no aspecto as frondes de samambaias, o que lhe conferiu tanto seu nome popular como botânico (Filicium = samambaia, decipiens = falso). Ela é nativa da Índia e do Sri Lanka e atinge até 7 metros de altura. Seu tronco é escuro, marrom a acinzentado, com casca irregular em escamas. As folhas tem a nervura central alada e são pinadas, com folíolos brilhantes, sésseis, glabros e de margens onduladas. Elas são dispostas de forma alterna e espiralada sobre os ramos, formando uma folhagem bastante densa. A floração ocorre na primavera e verão, despontando inflorescências axilares, do tipo panícula, com flores pequenas, amarelas e delicadamente perfumadas, de pouca importância ornamental. Os frutos que se formam em seguida são do tipo drupa, com formato elipsóide e cor roxa quando maduros, parecendo azeitonas pretas. É uma árvore bastante interessante para uso paisagístico, devido ao apelo tropical, porte pequeno e copa bem fechada, arredondada e simétrica, que oferece sombra fresca no verão. Pode ser utilizada isolada, como destaque ou pano de fundo para alguma espécie florífera, ou em linhas, ao longo de caminhos e estradas. Assim, ela se encaixa perfeitamente em pequenos espaços, como jardins residenciais, entradas de automóveis, pátios, etc, e é ideal para fornecer privacidade. Diz-se que é uma espécie muito boa para fixar orquídeas e outras plantas epífitas. Seu crescimento é considerado rápido a moderado. É também indicada para a arborização urbana, por não ter raízes agressivas e por suas qualidades como ornamental, mas há que se atentar que seu tronco não é dos mais fortes, estando sujeito a eventuais quebras. Deve ser cultivada sob sol pleno, em solo drenável, preferencialmente alcalino, enriquecido com matéria orgânica e irrigado no primeiro ano após o plantio. A árvore-samambaia é extremamente rústica, dispensando maiores cuidados depois de be",https://cdn.awsli.com.br/1200x1200/1982/1982052/produto/139836934/4ad4cd4904.jpg | https://cdn.awsli.com.br/1200x1200/1982/1982052/produto/139836934/fbca407cfe.jpg | https://cdn.awsli.com.br/1200x1200/1982/1982052/produto/139836934/bdf1d96bff.jpg | https://cdn.awsli.com.br/1200x1200/1982/1982052/produto/139836934/16cf4435b9.jpg | https://cdn.awsli.com.br/1200x1200/1982/1982052/produto/138547402/c0d1d7487d.jpg | https://cdn.awsli.com.br/1200x1200/1982/1982052/produto/138546998/8343c377e5.jpg | https://cdn.awsli.com.br/1200x1200/1982/1982052/produto/138540579/b3e2c28a8c.jpg | https://cdn.awsli.com.br/1200x1200/1982/1982052/produto/137244634/afc6fed5ed.jpg,https://www.plantadelivery.com.br/arvore-samambaia
Aspargo Alfinete,PD0922107,79.9,79.9,Disponível,Planta Delivery,,"Tamanho aproximado: 0,20 cm a 0,40 m Este aspargo é ótimo para plantar em jardineiras e vasos suspensos, como fazemos com as samambaias, valorizando desta maneira sua folhagem pendente e delicada. Como o aspargo-pluma, o aspargo-pendente apresenta as folhas verdadeiras transformadas em espinhos, enquanto as pseudo-folhas são em forma de agulha. Durante todo o ano apresenta flores brancas, discretas e pequenas além de frutinhos vermelhos e esféricos. Sua utilização paisagística deve valorizar a textura de sua folhagem. Devem ser cultivadas a meia-sombra, em vasos ou jardineiras com terra rica em matéria orgânica, regadas a intervalos regulares. Tolerante ao frio. Multiplica-se por sementes e por divisão da planta, preservando a sua estrutura. NOME CIENTÍFICO Asparagus densiflorus Sprengeri NOMES POPULARES Aspargo, Aspargo-ornamental, Aspargo-pendente FAMÍLIA Asparagaceae CLIMA Equatorial, Mediterrâneo, Subtropical, Temperado, Tropical ORIGEM África, África do Sul ALTURA 0.4 a 0.6 metros LUMINOSIDADE Meia Sombra CICLO DE VIDA Perene Imagem Ilustrativa: A planta segue com vaso simples ou torrão. Instruções Básicas : Caro cliente, assim que receber seu produto, retire-o da embalagem e o coloque em seu lugar definitivo de plantio, lembrando sempre que o mesmo deverá ter o dobro do tamanho do torrão da planta para que haja espaço para colocar substrato adicional para um melhor desenvolvimento e não esqueça de ler atentamente as informações de sua planta para um melhor cuidado.",https://cdn.awsli.com.br/1200x1200/1982/1982052/produto/138541227/f39e84b20c.jpg,https://www.plantadelivery.com.br/aspargo-alfinete
Avenca - C21,PD0922100,59.9,79.9,Disponível,Planta Delivery,,"As avencas são plantas herbáceas e ornamentais, da mesma divisão botânica das samambaias e asplênios. Suas folhas são chamadas frondes, são grandes e subdivididas em muitos folíolos, de formatos interessantes como trapézio e cunha e com as margens recortadas, onduladas ou rendilhadas. As avencas são cultivadas em vasos, normalmente decorando ambientes internos com sua bela folhagem. São delicadas e exigem umidade, meia sombra e boa drenagem, além disso, não toleram baixas temperaturas. Elas apresentam cerca de 50 cm de altura. No paisagismo, além de interiores podem ser utilizadas em canteiros e jardineiras, valorizando sua textura. NOME CIENTÍFICO Adiantum spp NOMES POPULARES Avenca FAMÍLIA Pteridaceae CLIMA Equatorial, Oceânico, Subtropical, Tropical ORIGEM América Central, América do Norte, América do Sul, Antilhas, Brasil, Estados Unidos ALTURA 0.1 a 0.3 metros, 0.3 a 0.4 metros, 0.4 a 0.6 metros LUMINOSIDADE Luz Difusa, Meia Sombra CICLO DE VIDA Perene Imagem Ilustrativa: A planta segue com vaso simples ou torrão. Instruções Básicas : Caro cliente, assim que receber seu produto, retire-o da embalagem e o coloque em seu lugar definitivo de plantio, lembrando sempre que o mesmo deverá ter o dobro do tamanho do torrão da planta para que haja espaço para colocar substrato adicional para um melhor desenvolvimento e não esqueça de ler atentamente as informações de sua planta para um melhor cuidado.",https://cdn.awsli.com.br/1200x1200/1982/1982052/produto/138535261/1c5d166ecc.jpg | https://cdn.awsli.com.br/1200x1200/1982/1982052/produto/147629278/b1012970f1.jpg,https://www.plantadelivery.com.br/avenca
Azaleia,PD0922198,21.65,129.9,Disponível,Planta Delivery,,"Mudas de aproximadamento 0,20 a 0,40cm As azaléias são arbustos de folhagem verde-escura e floração abundante. Suas flores simples ou dobradas podem ter cores diferentes, como branco, rosa, vermelho ou mescladas. Há muitas variedades com portes diferentes também, umas mais pequenas para plantio em vasos e para formação de maciços e outras maiores capazes de formar cercas vivas. É uma planta muito utilizada também para a técnica milenar do bonsai. Devem ser cultivadas sob pleno sol, em solo composto de terra de jardim e terra vegetal, com regas regulares, não é necessária a calagem já que os rododendros e azaléias apreciam solos ácidos. As azaléias ainda apreciam o frio e podem ser podadas com cuidado e sempre no final da floração. Multiplicam-se por estaquia. NOME CIENTÍFICO Rhododendron simsii NOMES POPULARES Azaléia, Azaléia-belga FAMÍLIA Ericaceae CLIMA Mediterrâneo, Subtropical, Temperado ORIGEM Ásia, China ALTURA 0.4 a 0.6 metros, 0.6 a 0.9 metros, 0.9 a 1.2 metros LUMINOSIDADE Sol Pleno CICLO DE VIDA Perene Imagem Ilustrativa: A planta segue com vaso simples ou torrão. Instruções Básicas Caro cliente, assim que receber seu produto, retire-o da embalagem e o coloque em seu lugar definitivo de plantio, lembrando sempre que o mesmo deverá ter o dobro do tamanho do torrão da planta para que haja espaço para colocar substrato adicional para um melhor desenvolvimento e não esqueça de ler atentamente as informações de sua planta para um melhor cuidado.",https://cdn.awsli.com.br/1200x1200/1982/1982052/produto/138636002/e499da094d.jpg | https://cdn.awsli.com.br/1200x1200/1982/1982052/produto/138636002/8049230a2b.jpg | https://cdn.awsli.com.br/1200x1200/1982/1982052/produto/136965579/4e75815b7f.jpg | https://cdn.awsli.com.br/1200x1200/1982/1982052/produto/138504392/9342f1240d.jpg,https://www.plantadelivery.com.br/azaleia
Azulzinha - Caixa com 15 unidades,PD092246,19.9,49.9,Disponível,Planta Delivery,,"Mudas de aproximadamento 10 a 20cm O evóvulo é uma planta herbácea, bastante rústica e fácil de cultivar. Suas folhas são pequenas, ovaladas e recobertas for uma fina lanugem branca, que lhe dá uma textura aveludada. A folhagem é de aspecto compacto, prostrado ou semi-prostrado, arredondado e de coloração verde acinzentada. Os ramos ficam lenhosos quando velhos. As flores são também pequenas, solitárias, numerosas, em forma de funil e muito vistosas. As pétalas são de cor azul ou lavanda, e o centro da flor é branco. No paisagismo é bastante versátil, podendo ser plantada em maciços, canteiros, bordaduras, vasos e jardineiras, assim como presta-se como forração. Sua beleza e efeito pendente são evidenciados em cestas suspensas. A floração se estende por todo o ano. NOME CIENTÍFICO Evolvulus glomeratus NOMES POPULARES Evólvulo, Azulzinha FAMÍLIA Convolvulaceae CLIMA Equatorial, Subtropical, Tropical ORIGEM América do Sul, Brasil, Paraguai ALTURA 0.1 a 0.3 metros LUMINOSIDADE Meia Sombra, Sol Pleno CICLO DE VIDA Perene Imagem Ilustrativa: A planta segue com vaso simples ou torrão. Instruções Básicas : Caro cliente, assim que receber seu produto, retire-o da embalagem e o coloque em seu lugar definitivo de plantio, lembrando sempre que o mesmo deverá ter o dobro do tamanho do torrão da planta para que haja espaço para colocar substrato adicional para um melhor desenvolvimento e não esqueça de ler atentamente as informações de sua planta para um melhor cuidado.",https://cdn.awsli.com.br/1200x1200/1982/1982052/produto/138468678/bd0ce11fce.jpg | https://cdn.awsli.com.br/1200x1200/1982/1982052/produto/138468678/4a06b70dee.jpg | https://cdn.awsli.com.br/1200x1200/1982/1982052/produto/174033709/146cc62d69.jpg | https://cdn.awsli.com.br/1200x1200/1982/1982052/produto/138609282/03311cb540.jpg | https://cdn.awsli.com.br/1200x1200/1982/1982052/produto/174064565/55000e72c0.jpg | https://cdn.awsli.com.br/1200x1200/1982/1982052/produto/174061194/326e1ae25f.jpg,https://www.plantadelivery.com.br/azulzinha-caixa-com-15-unidades
Baby Sun / Rosinha do Sol - Caixa 15 unidades,FFPY7Z5FU,39.9,39.9,Disponível,Planta Delivery,,"A Rosinha de sol – Aptenia cordifolia é uma herbácea suculenta, pertence à família Aizoaceae, nativa da África, perene, suculenta, de crescimento rápido, de 10-15 cm de altura com flores e folhas ornamentais. Cuidados com a Rosinha de sol Clima: Tropical, Subtropical, Oceânico, Equatorial, Temperado. Tolerante ao frio, mas não geadas. Cultivada sob sol pleno ou meia-sombra. O solo deve ser fértil, solto, rico em matéria orgânica e bem drenado ou uma mistura para suculentas. Regas esporádicas, irrigar somente quando o solo estiver completamente seco. O solo encharcado causa o apodrecimento da planta. É uma planta resistente à seca, porém tolera chuvas fortes. Aptenia é ideal para jardins costeiros, pois tolera a pulverização do mar e cresce em solo arenoso. Podas conforme necessário durante toda época de crescimento. Imagem Ilustrativa: A planta segue com vaso simples ou torrão. Instruções Básicas Caro cliente, assim que receber seu produto, retire-o da embalagem e o coloque em seu lugar definitivo de plantio, lembrando sempre que o mesmo deverá ter o dobro do tamanho do torrão da planta para que haja espaço para colocar substrato adicional para um melhor desenvolvimento e não esqueça de ler atentamente as informações de sua planta para um melhor cuidado.",https://cdn.awsli.com.br/1200x1200/1982/1982052/produto/178943556/65c5a4c4fc.jpg | https://cdn.awsli.com.br/1200x1200/1982/1982052/produto/178943556/b563357d75.jpg | https://cdn.awsli.com.br/1200x1200/1982/1982052/produto/178943716/c2dfdecfb2.jpg | https://cdn.awsli.com.br/1200x1200/1982/1982052/produto/174033709/146cc62d69.jpg | https://cdn.awsli.com.br/1200x1200/1982/1982052/produto/138609282/03311cb540.jpg | https://cdn.awsli.com.br/1200x1200/1982/1982052/produto/174064565/55000e72c0.jpg,https://www.plantadelivery.com.br/baby-sun-rosinha-do-sol
Baby Sun / Rosinha do Sol Variegata - Caixa 15 unidades,FFPY7Z5FU-N5A9O4YPI,39.9,39.9,Disponível,Planta Delivery,,"A Rosinha de sol – Aptenia cordifolia é uma herbácea suculenta, pertence à família Aizoaceae, nativa da África, perene, suculenta, de crescimento rápido, de 10-15 cm de altura com flores e folhas ornamentais. Cuidados com a Rosinha de sol Clima: Tropical, Subtropical, Oceânico, Equatorial, Temperado. Tolerante ao frio, mas não geadas. Cultivada sob sol pleno ou meia-sombra. O solo deve ser fértil, solto, rico em matéria orgânica e bem drenado ou uma mistura para suculentas. Regas esporádicas, irrigar somente quando o solo estiver completamente seco. O solo encharcado causa o apodrecimento da planta. É uma planta resistente à seca, porém tolera chuvas fortes. Aptenia é ideal para jardins costeiros, pois tolera a pulverização do mar e cresce em solo arenoso. Podas conforme necessário durante toda época de crescimento. Imagem Ilustrativa: A planta segue com vaso simples ou torrão. Instruções Básicas Caro cliente, assim que receber seu produto, retire-o da embalagem e o coloque em seu lugar definitivo de plantio, lembrando sempre que o mesmo deverá ter o dobro do tamanho do torrão da planta para que haja espaço para colocar substrato adicional para um melhor desenvolvimento e não esqueça de ler atentamente as informações de sua planta para um melhor cuidado.",https://cdn.awsli.com.br/1200x1200/1982/1982052/produto/178943716/c2dfdecfb2.jpg | https://cdn.awsli.com.br/1200x1200/1982/1982052/produto/178943716/ecd9d33340.jpg | https://cdn.awsli.com.br/1200x1200/1982/1982052/produto/178943556/65c5a4c4fc.jpg | https://cdn.awsli.com.br/1200x1200/1982/1982052/produto/138537441/4c2e717b7c.jpg | https://cdn.awsli.com.br/1200x1200/1982/1982052/produto/138636499/13cf531267.jpg | https://cdn.awsli.com.br/1200x1200/1982/1982052/produto/138611281/14e7284859.jpg,https://www.plantadelivery.com.br/baby-sun-rosinha-do-sol-variegata
Bambu Caniço,PD0922145,79.9,59.9,Disponível,Planta Delivery,,"NOME CIENTÍFICO Phyllostachys aurea; NOMES POPULARES Bambu maciço, bambu cheio chinês, bambu de caniço ou bambu macho. Família Poaceae, Herbs. Tamanho quando adulta Pode chegar a 6 metros. Origem China. Imagem Ilustrativa: A planta segue com vaso simples ou torrão. Instruções Básicas Caro cliente, assim que receber seu produto, retire-o da embalagem e o coloque em seu lugar definitivo de plantio, lembrando sempre que o mesmo deverá ter o dobro do tamanho do torrão da planta para que haja espaço para colocar substrato adicional para um melhor desenvolvimento e não esqueça de ler atentamente as informações de sua planta para um melhor cuidado.",https://cdn.awsli.com.br/1200x1200/1982/1982052/produto/138611812/e070561b83.jpg | https://cdn.awsli.com.br/1200x1200/1982/1982052/produto/139804827/06a0e356c2.jpg | https://cdn.awsli.com.br/1200x1200/1982/1982052/produto/138614624/58ecad935c.jpg | https://cdn.awsli.com.br/1200x1200/1982/1982052/produto/138579779/d1d368703a.jpg | https://cdn.awsli.com.br/1200x1200/1982/1982052/produto/138439442/c7b3ae5611.jpg,https://www.plantadelivery.com.br/bambu-canico
Bambu da Sorte,PD0922130,89.9,119.9,Disponível,Planta Delivery,,"NOME CIENTÍFICO Dracaena sanderiana; NOMES POPULARES Bambu-da-sorte, Dracena-fita, Dracena-sanderiana, Lucky-bamboo. Família Asparagaceae. Clima Equatorial, Mediterrâneo, Subtropical, Tropical. Origem Originário da África, mas se popularizou no Oriente. Imagem Ilustrativa: A planta segue com vaso simples ou torrão. Instruções Básicas Caro cliente, assim que receber seu produto, retire-o da embalagem e o coloque em seu lugar definitivo de plantio, lembrando sempre que o mesmo deverá ter o dobro do tamanho do torrão da planta para que haja espaço para colocar substrato adicional para um melhor desenvolvimento e não esqueça de ler atentamente as informações de sua planta para um melhor cuidado.",https://cdn.awsli.com.br/1200x1200/1982/1982052/produto/138579779/d1d368703a.jpg | https://cdn.awsli.com.br/1200x1200/1982/1982052/produto/138579779/bambu-da-sorte-jizj3hng7n.png | https://cdn.awsli.com.br/1200x1200/1982/1982052/produto/139804827/06a0e356c2.jpg | https://cdn.awsli.com.br/1200x1200/1982/1982052/produto/138614624/58ecad935c.jpg | https://cdn.awsli.com.br/1200x1200/1982/1982052/produto/138611812/e070561b83.jpg | https://cdn.awsli.com.br/1200x1200/1982/1982052/produto/138439442/c7b3ae5611.jpg,https://www.plantadelivery.com.br/bambu-da-sorte
Bambu Mosso,PD0922150,63.31,379.9,Disponível,Planta Delivery,,"NOME CIENTÍFICO Phyllostachys pubescens; NOMES POPULARES Bambu-mossô, Mossô. Família Graminae (Poaceae). Clima Equatorial, Oceânico, Subtropical, Tropical. Origem Ásia. Imagem Ilustrativa: A planta segue com vaso simples ou torrão. Instruções Básicas Caro cliente, assim que receber seu produto, retire-o da embalagem e o coloque em seu lugar definitivo de plantio, lembrando sempre que o mesmo deverá ter o dobro do tamanho do torrão da planta para que haja espaço para colocar substrato adicional para um melhor desenvolvimento e não esqueça de ler atentamente as informações de sua planta para um melhor cuidado.",https://cdn.awsli.com.br/1200x1200/1982/1982052/produto/138614624/58ecad935c.jpg | https://cdn.awsli.com.br/1200x1200/1982/1982052/produto/138614624/whatsapp-image-2023-10-25-at-17-30-55--1--9qfn7g73jf.jpeg | https://cdn.awsli.com.br/1200x1200/1982/1982052/produto/138614624/cuidados-bambu-mosso-wdqetrmpw3.jpeg | https://cdn.awsli.com.br/1200x1200/1982/1982052/produto/139804827/06a0e356c2.jpg | https://cdn.awsli.com.br/1200x1200/1982/1982052/produto/138579779/d1d368703a.jpg | https://cdn.awsli.com.br/1200x1200/1982/1982052/produto/138611812/e070561b83.jpg | https://cdn.awsli.com.br/1200x1200/1982/1982052/produto/138439442/c7b3ae5611.jpg,https://www.plantadelivery.com.br/bambu-mosso
Begônia Brevirimosa - Pote 15,PD092262,129.9,89.9,Disponível,Planta Delivery,,"NOME CIENTÍFICO Begonia brevirimosa Irmscher; NOMES POPULARES Begonia brevirimosa. FAMÍLIA Begoniaceae. CLIMA Tropical. ORIGEM Nova Guiné. Imagem Ilustrativa: A planta segue com vaso simples ou torrão. Instruções Básicas Caro cliente, assim que receber seu produto, retire-o da embalagem e o coloque em seu lugar definitivo de plantio, lembrando sempre que o mesmo deverá ter o dobro do tamanho do torrão da planta para que haja espaço para colocar substrato adicional para um melhor desenvolvimento e não esqueça de ler atentamente as informações de sua planta para um melhor cuidado.",https://cdn.awsli.com.br/1200x1200/1982/1982052/produto/138500854/8bbf437a29.jpg | https://cdn.awsli.com.br/1200x1200/1982/1982052/produto/138522534/be3271b772.jpg | https://cdn.awsli.com.br/1200x1200/1982/1982052/produto/174033709/146cc62d69.jpg | https://cdn.awsli.com.br/1200x1200/1982/1982052/produto/138609282/03311cb540.jpg | https://cdn.awsli.com.br/1200x1200/1982/1982052/produto/174064565/55000e72c0.jpg,https://www.plantadelivery.com.br/begonia-brevirimosa-pote-15
Begônia Maculata,PD092282,89.9,129.9,Disponível,Planta Delivery,,"NOME CIENTÍFICO Begonia maculata; NOMES POPULARES Begonia aculeata, Begonia argyrostigma, Begonia corallina, Begonia dichroa, Begonia punctata. FAMÍLIA Begoniaceae. CLIMA Subtropical, Tropical. ORIGEM América do Sul, Brasil. Imagem Ilustrativa: A planta segue com vaso simples ou torrão. Instruções Básicas Caro cliente, assim que receber seu produto, retire-o da embalagem e o coloque em seu lugar definitivo de plantio, lembrando sempre que o mesmo deverá ter o dobro do tamanho do torrão da planta para que haja espaço para colocar substrato adicional para um melhor desenvolvimento e não esqueça de ler atentamente as informações de sua planta para um melhor cuidado.",https://cdn.awsli.com.br/1200x1200/1982/1982052/produto/138522534/be3271b772.jpg | https://cdn.awsli.com.br/1200x1200/1982/1982052/produto/138500854/8bbf437a29.jpg,https://www.plantadelivery.com.br/begonia-maculata
Bela-Emília - Caixa com 15 unidades,PD0922177,19.9,49.9,Disponível,,,"Indicado para: Ambiente externo; Nome Científico: Plumbago auriculata; Nomes Populares: Bela-emília, Dentilária, Jasmin-azul, Plumbago; Família: Plumbaginaceae; Categoria: Arbustos, Arbustos Tropicais, Cercas Vivas; Clima: Oceânico, Subtropical, Tropical; Origem: África, África do Sul; Altura: 0.9 a 1.2 metros, 1.2 a 1.8 metros, 1.8 a 2.4 metros, 2.4 a 3.0 metros; Luminosidade: Meia Sombra, Sol Pleno; Ciclo de Vida: Perene. Imagem Ilustrativa : A planta segue com vaso simples ou torrão. Instruções Básicas Caro cliente, assim que receber seu produto, retire-o da embalagem e o coloque em seu lugar definitivo de plantio, lembrando sempre que o mesmo deverá ter o dobro do tamanho do torrão da planta para que haja espaço para colocar substrato adicional para um melhor desenvolvimento e não esqueça de ler atentamente as informações de sua planta para um melhor cuidado.",https://cdn.awsli.com.br/1200x1200/1982/1982052/produto/138626782/3df36b5514.jpg | https://cdn.awsli.com.br/1200x1200/1982/1982052/produto/138626782/93578ee96e.jpg | https://cdn.awsli.com.br/1200x1200/1982/1982052/produto/174033709/146cc62d69.jpg | https://cdn.awsli.com.br/1200x1200/1982/1982052/produto/138609282/03311cb540.jpg | https://cdn.awsli.com.br/1200x1200/1982/1982052/produto/174064565/55000e72c0.jpg | https://cdn.awsli.com.br/1200x1200/1982/1982052/produto/174061194/326e1ae25f.jpg,https://www.plantadelivery.com.br/bela-emilia-caixa-com-15-unidades
Boca de Leão - Caixa com 15 unidades,PD092297,109.9,49.9,Disponível,,,"NOME CIENTÍFICO Antirrhinum majus; NOMES POPULARES Boca-de-Leão. Família Plantaginaceae. Clima Subtropical, temperado e tropical. Origem África e Europa. Imagem Ilustrativa: A planta segue com vaso simples ou torrão. Instruções Básicas Caro cliente, assim que receber seu produto, retire-o da embalagem e o coloque em seu lugar definitivo de plantio, lembrando sempre que o mesmo deverá ter o dobro do tamanho do torrão da planta para que haja espaço para colocar substrato adicional para um melhor desenvolvimento e não esqueça de ler atentamente as informações de sua planta para um melhor cuidado.",https://cdn.awsli.com.br/1200x1200/1982/1982052/produto/138528705/1c07c19f75.jpg | https://cdn.awsli.com.br/1200x1200/1982/1982052/produto/178187782/47095a0c27.jpg | https://cdn.awsli.com.br/1200x1200/1982/1982052/produto/174033709/146cc62d69.jpg | https://cdn.awsli.com.br/1200x1200/1982/1982052/produto/138609282/03311cb540.jpg | https://cdn.awsli.com.br/1200x1200/1982/1982052/produto/174064565/55000e72c0.jpg,https://www.plantadelivery.com.br/boca-de-leao-caixa-com-15-unidades
Bouganville,PD240124,99.9,109.9,Disponível,,,"A Bougainvillea, comumente conhecida como bougainvillea ou primavera, é uma planta ornamental popular em regiões de clima quente. INDICADO PARA Ambiente interno e externo; TAMANHO Variando entre 0,90 cm a 1,30 metros de altura; TORRÃO Aproximadamente 20 cm de diâmetro; NOME CIENTÍFICO Bougainvillea glabra; LUMINOSIDADE Cultivo em Pleno Sol; GRUPO Trepadeira exótica; ORIGEM América do Sul; TAMANHO QUANDO ADULTA Pode chegar a 5 metros; NAS CORES Branca, Lilás e Rosa Pink. Imagem Ilustrativa: A planta segue com vaso simples ou torrão. Instruções Básicas: Caro cliente, assim que receber seu produto, retire-o da embalagem e o coloque em seu lugar definitivo de plantio, lembrando sempre que o mesmo deverá ter o dobro do tamanho do torrão da planta para que haja espaço para colocar substrato adicional para um melhor desenvolvimento e não esqueça de ler atentamente as informações de sua planta para um melhor cuidado.",https://cdn.awsli.com.br/1200x1200/1982/1982052/produto/251705309/bouganville-2-214g20ssv3.jpg | https://cdn.awsli.com.br/1200x1200/1982/1982052/produto/251705309/bouganville-4-eksumrgu99.jpg | https://cdn.awsli.com.br/1200x1200/1982/1982052/produto/251705309/bouganville-6-huetctzm3p.jpg | https://cdn.awsli.com.br/1200x1200/1982/1982052/produto/251705309/bouganville-5-dcdfjoboht.jpg | https://cdn.awsli.com.br/1200x1200/1982/1982052/produto/251705309/bouganville-3-kld46g12f6.jpg | https://cdn.awsli.com.br/1200x1200/1982/1982052/produto/251705309/bouganville-utv3psdh50.JPG,https://www.plantadelivery.com.br/bouganville
Brinco de Princesa - Cuia 21,PD0922108,89.9,89.9,Disponível,Planta Delivery,,"NOME CIENTÍFICO Fuchsia hybrida; NOMES POPULARES Brinco-de-princesa, Agrado, Fúcsia, Lágrima. Família Onagraceae. Clima Mediterrâneo, Subtropical, Tropical. Origem América do Sul. Imagem Ilustrativa: A planta segue com vaso simples ou torrão. Instruções Básicas Caro cliente, assim que receber seu produto, retire-o da embalagem e o coloque em seu lugar definitivo de plantio, lembrando sempre que o mesmo deverá ter o dobro do tamanho do torrão da planta para que haja espaço para colocar substrato adicional para um melhor desenvolvimento e não esqueça de ler atentamente as informações de sua planta para um melhor cuidado.",https://cdn.awsli.com.br/1200x1200/1982/1982052/produto/138541557/69517c99b4.jpg | https://cdn.awsli.com.br/1200x1200/1982/1982052/produto/138541557/22b13bba8e.jpg | https://cdn.awsli.com.br/1200x1200/1982/1982052/produto/138550003/ea1adf2c0b.jpg | https://cdn.awsli.com.br/1200x1200/1982/1982052/produto/138613594/d09b158ce5.jpg | https://cdn.awsli.com.br/1200x1200/1982/1982052/produto/138578431/2ce6bacadd.jpg | https://cdn.awsli.com.br/1200x1200/1982/1982052/produto/138551260/9d80068874.jpg,https://www.plantadelivery.com.br/brinco-de-princesa-cuia-21
Bromélia Aequimea Rosa - Pote 17 cm,PD092272,69.9,89.9,Disponível,Planta Delivery,,"NOME CIENTÍFICO Aechmea fasciata; NOMES POPULARES Aequimea, Vaso-prateado, Bromélia-aequimea. Família Bromeliaceae. Clima Tropical quente e úmido. Origem Brasil. Imagem Ilustrativa: A planta segue com vaso simples ou torrão. Instruções Básicas Caro cliente, assim que receber seu produto, retire-o da embalagem e o coloque em seu lugar definitivo de plantio, lembrando sempre que o mesmo deverá ter o dobro do tamanho do torrão da planta para que haja espaço para colocar substrato adicional para um melhor desenvolvimento e não esqueça de ler atentamente as informações de sua planta para um melhor cuidado.",https://cdn.awsli.com.br/1200x1200/1982/1982052/produto/138505996/cb7f338339.jpg | https://cdn.awsli.com.br/1200x1200/1982/1982052/produto/138508144/415457e491.jpg | https://cdn.awsli.com.br/1200x1200/1982/1982052/produto/138507871/b4c45c668a.jpg | https://cdn.awsli.com.br/1200x1200/1982/1982052/produto/138507555/acadaf28cc.jpg | https://cdn.awsli.com.br/1200x1200/1982/1982052/produto/138507106/c8a4213823.jpg,https://www.plantadelivery.com.br/bromelia-aequimea-rosa-pote-17-cm
Bromélia Fire Ball,PD092277,59.9,89.9,Disponível,Planta Delivery,,"NOME CIENTÍFICO Neoregelia sp; NOMES POPULARES Neoregelia, Ninho-de-passarinho. Família Bromeliaceae. Clima Equatorial, Oceânico, Subtropical, Tropical. Origem América do Sul, Brasil. Imagem Ilustrativa: A planta segue com vaso simples ou torrão. Instruções Básicas Caro cliente, assim que receber seu produto, retire-o da embalagem e o coloque em seu lugar definitivo de plantio, lembrando sempre que o mesmo deverá ter o dobro do tamanho do torrão da planta para que haja espaço para colocar substrato adicional para um melhor desenvolvimento e não esqueça de ler atentamente as informações de sua planta para um melhor cuidado.",https://cdn.awsli.com.br/1200x1200/1982/1982052/produto/138507760/e02435f29e.jpg | https://cdn.awsli.com.br/1200x1200/1982/1982052/produto/139809554/7d7dfbda61.jpg | https://cdn.awsli.com.br/1200x1200/1982/1982052/produto/138508304/1d72d94f80.jpg | https://cdn.awsli.com.br/1200x1200/1982/1982052/produto/138508144/415457e491.jpg | https://cdn.awsli.com.br/1200x1200/1982/1982052/produto/138507871/b4c45c668a.jpg,https://www.plantadelivery.com.br/bromelia-fire-ball
Bromélia Guzmânia Amarela - Pote 14 cm,PD092273,89.9,99.9,Disponível,Planta Delivery,,"NOME CIENTÍFICO Guzmania hybrida; NOMES POPULARES guzmania, bromélia, gusmânia, bromélia-denise. Família Bromeliaceae. Clima Tropical tolerante a clima subtropical quente. Origem América Tropical. Imagem Ilustrativa: A planta segue com vaso simples ou torrão. Instruções Básicas Caro cliente, assim que receber seu produto, retire-o da embalagem e o coloque em seu lugar definitivo de plantio, lembrando sempre que o mesmo deverá ter o dobro do tamanho do torrão da planta para que haja espaço para colocar substrato adicional para um melhor desenvolvimento e não esqueça de ler atentamente as informações de sua planta para um melhor cuidado.",https://cdn.awsli.com.br/1200x1200/1982/1982052/produto/138506596/4af9192f4f.jpg | https://cdn.awsli.com.br/1200x1200/1982/1982052/produto/138507871/b4c45c668a.jpg | https://cdn.awsli.com.br/1200x1200/1982/1982052/produto/138508144/415457e491.jpg | https://cdn.awsli.com.br/1200x1200/1982/1982052/produto/138507555/acadaf28cc.jpg | https://cdn.awsli.com.br/1200x1200/1982/1982052/produto/138507106/c8a4213823.jpg,https://www.plantadelivery.com.br/bromelia-guzmania-amarela-pote-14-cm
Bromélia Guzmânia Vermelha - Pote 14 cm,PD092278,99.9,89.9,Disponível,Planta Delivery,,"NOME CIENTÍFICO Guzmania hybrida; NOMES POPULARES guzmania, bromélia, gusmânia, bromélia-denise. Família Bromeliaceae. Clima Tropical tolerante a clima subtropical quente. Origem América Tropical. Imagem Ilustrativa: A planta segue com vaso simples ou torrão. Instruções Básicas Caro cliente, assim que receber seu produto, retire-o da embalagem e o coloque em seu lugar definitivo de plantio, lembrando sempre que o mesmo deverá ter o dobro do tamanho do torrão da planta para que haja espaço para colocar substrato adicional para um melhor desenvolvimento e não esqueça de ler atentamente as informações de sua planta para um melhor cuidado.",https://cdn.awsli.com.br/1200x1200/1982/1982052/produto/138507871/b4c45c668a.jpg | https://cdn.awsli.com.br/1200x1200/1982/1982052/produto/138506596/4af9192f4f.jpg | https://cdn.awsli.com.br/1200x1200/1982/1982052/produto/138508144/415457e491.jpg | https://cdn.awsli.com.br/1200x1200/1982/1982052/produto/138507555/acadaf28cc.jpg | https://cdn.awsli.com.br/1200x1200/1982/1982052/produto/138507106/c8a4213823.jpg,https://www.plantadelivery.com.br/bromelia-guzmania-vermelha-pote-14-cm
Bromélia Imperial Rubra - Pote 27 cm,PD092275,24.98,149.9,Disponível,,,"NOME CIENTÍFICO Alcantarea imperialis; NOMES POPULARES Bromélia-imperial, Bromélia-gigante. Família Bromeliaceae. Clima Tropical, Subtropical, Oceânico, Equatorial, Temperado. Origem Brasil. Imagem Ilustrativa: A planta segue com vaso simples ou torrão. Instruções Básicas Caro cliente, assim que receber seu produto, retire-o da embalagem e o coloque em seu lugar definitivo de plantio, lembrando sempre que o mesmo deverá ter o dobro do tamanho do torrão da planta para que haja espaço para colocar substrato adicional para um melhor desenvolvimento e não esqueça de ler atentamente as informações de sua planta para um melhor cuidado.",https://cdn.awsli.com.br/1200x1200/1982/1982052/produto/138507106/c8a4213823.jpg | https://cdn.awsli.com.br/1200x1200/1982/1982052/produto/138508304/1d72d94f80.jpg | https://cdn.awsli.com.br/1200x1200/1982/1982052/produto/138508144/415457e491.jpg | https://cdn.awsli.com.br/1200x1200/1982/1982052/produto/138623758/570bf9c04d.jpg | https://cdn.awsli.com.br/1200x1200/1982/1982052/produto/138507871/b4c45c668a.jpg,https://www.plantadelivery.com.br/bromelia-imperial-rubra-pote-27-cm
Bromélia Imperial Verde - Média,PD092280,24.98,149.9,Disponível,,,"NOME CIENTÍFICO Alcantarea imperialis; NOMES POPULARES Croatá, gravatá, carauá, piña de ratón, aguama. Família Bromeliaceae. Clima Tropical, tolerante ao clima subtropical. Origem Brasil. Imagem Ilustrativa: A planta segue com vaso simples ou torrão. Instruções Básicas Caro cliente, assim que receber seu produto, retire-o da embalagem e o coloque em seu lugar definitivo de plantio, lembrando sempre que o mesmo deverá ter o dobro do tamanho do torrão da planta para que haja espaço para colocar substrato adicional para um melhor desenvolvimento e não esqueça de ler atentamente as informações de sua planta para um melhor cuidado.",https://cdn.awsli.com.br/1200x1200/1982/1982052/produto/138508304/1d72d94f80.jpg | https://cdn.awsli.com.br/1200x1200/1982/1982052/produto/138507106/c8a4213823.jpg | https://cdn.awsli.com.br/1200x1200/1982/1982052/produto/139809554/7d7dfbda61.jpg | https://cdn.awsli.com.br/1200x1200/1982/1982052/produto/138507760/e02435f29e.jpg | https://cdn.awsli.com.br/1200x1200/1982/1982052/produto/138508144/415457e491.jpg,https://www.plantadelivery.com.br/bromelia-imperial-verde-media
Bromélia Neoregelia Fireball - Pote 11 cm,PD092276,69.9,19.9,Disponível,Planta Delivery,,"NOME CIENTÍFICO Neoregelia sp; NOMES POPULARES Neoregelia, Ninho-de-passarinho. Família Bromeliaceae. Clima Equatorial, Oceânico, Subtropical, Tropical. Origem América do Sul, Brasil. Imagem Ilustrativa: A planta segue com vaso simples ou torrão. Instruções Básicas Caro cliente, assim que receber seu produto, retire-o da embalagem e o coloque em seu lugar definitivo de plantio, lembrando sempre que o mesmo deverá ter o dobro do tamanho do torrão da planta para que haja espaço para colocar substrato adicional para um melhor desenvolvimento e não esqueça de ler atentamente as informações de sua planta para um melhor cuidado.",https://cdn.awsli.com.br/1200x1200/1982/1982052/produto/138507555/acadaf28cc.jpg | https://cdn.awsli.com.br/1200x1200/1982/1982052/produto/138508144/415457e491.jpg | https://cdn.awsli.com.br/1200x1200/1982/1982052/produto/138507871/b4c45c668a.jpg | https://cdn.awsli.com.br/1200x1200/1982/1982052/produto/138507106/c8a4213823.jpg | https://cdn.awsli.com.br/1200x1200/1982/1982052/produto/138506952/03980f7e13.jpg,https://www.plantadelivery.com.br/bromelia-neoregelia-fireball-pote-11-cm
Bromélia Porto Seguro,PD122106,89.9,59.9,Disponível,Planta Delivery,,"A bromélia porto-seguro é uma planta herbácea de folhagem e florescimento muito ornamentais. Ela é originária de regiões de restinga da Mata Atlântica, vegetando principalmente do Espírito Santo à Bahia. Esta bromélia, com forma de vaso e cor vibrante é vedete dos jardins tropicais, principalmente os de regiões litorâneas. Ela foi popularizada nos anos 60 por Roberto Burle Marx, o famoso paisagista, que a utilizada em largos maciços sob pleno sol. O contraste e o brilho que a porto-seguro confere ao jardim é espetacular. Suas folhas são laminares, rijas, brilhantes e dispostas em roseta, formando um vaso capaz de acumular até um litro de água. Elas podem chegar a 90 cm de comprimento e possuem espinhos em toda margem. Dependendo das condições de luminosidade a cor das folhas varia. Assim, se cultivada sob meia sombra, adquire tons verde claros. No entanto, se receber sol pleno, pode tornar-se bem amarela e até mesmo laranja-avermelhada. A inflorescência é ramificada e alta, podendo chegar a 1,7 metros de altura. Ela é muito durável e apresenta flores pequenas, envoltas por brácteas vermelhas e amarelas. Os frutos que se seguem são pequenas bagas elípticas, com sementes diminutas. Deve ser cultivada sob meia sombra ou sol pleno, em solo leve, drenável, enriquecido com matéria orgânica e irrigado frequentemente. Esta bromélia tem hábito terrestre ou epífito. Assim sendo, podemos plantá-la em canteiros no jardim, em vasos, e até mesmo fixá-la no tronco das árvores. Como a maioria das bromélias epífitas, a porto-seguro deve estar sempre com água dentro de sua roseta de folhas. Para evitar a multiplicação do mosquito da dengue, recomenda-se aplicar borra de café no centro da planta. Tolera o frio de até -3°C, mas não resiste a geadas fortes. Multiplica-se por sementes, mas mais facilmente por separação das mudas que se formam após a floração da planta. Antes de separar, aguarde que a nova muda tenha ao menos 2/3 do tamanho da planta mãe. Como toda bromélia, após a floraç",https://cdn.awsli.com.br/1200x1200/1982/1982052/produto/139809554/7d7dfbda61.jpg | https://cdn.awsli.com.br/1200x1200/1982/1982052/produto/139809554/be7a3d0fb5.jpg | https://cdn.awsli.com.br/1200x1200/1982/1982052/produto/139809554/fca0b5c623.jpg | https://cdn.awsli.com.br/1200x1200/1982/1982052/produto/139809554/68c2350d52.jpg | https://cdn.awsli.com.br/1200x1200/1982/1982052/produto/138507760/e02435f29e.jpg | https://cdn.awsli.com.br/1200x1200/1982/1982052/produto/138508304/1d72d94f80.jpg | https://cdn.awsli.com.br/1200x1200/1982/1982052/produto/138508144/415457e491.jpg | https://cdn.awsli.com.br/1200x1200/1982/1982052/produto/138507871/b4c45c668a.jpg,https://www.plantadelivery.com.br/bromelia-porto-seguro
Bromélia Tilândsia - Pote 12 cm,PD092279,89.9,69.9,Disponível,,,"NOME CIENTÍFICO Tillandsia sp; NOMES POPULARES Tilândsia. Família Bromeliaceae. Clima Equatorial, Subtropical, Tropical. Origem América Central, América do Norte, América do Sul. Imagem Ilustrativa: A planta segue com vaso simples ou torrão. Instruções Básicas Caro cliente, assim que receber seu produto, retire-o da embalagem e o coloque em seu lugar definitivo de plantio, lembrando sempre que o mesmo deverá ter o dobro do tamanho do torrão da planta para que haja espaço para colocar substrato adicional para um melhor desenvolvimento e não esqueça de ler atentamente as informações de sua planta para um melhor cuidado.",https://cdn.awsli.com.br/1200x1200/1982/1982052/produto/138508144/415457e491.jpg | https://cdn.awsli.com.br/1200x1200/1982/1982052/produto/138507871/b4c45c668a.jpg | https://cdn.awsli.com.br/1200x1200/1982/1982052/produto/138507555/acadaf28cc.jpg | https://cdn.awsli.com.br/1200x1200/1982/1982052/produto/138507106/c8a4213823.jpg | https://cdn.awsli.com.br/1200x1200/1982/1982052/produto/138506952/03980f7e13.jpg,https://www.plantadelivery.com.br/bromelia-tilandsia-pote-12-cm
Bromélia Vriesea Vermelha - Pote 12 cm,PD092274,69.9,89.9,Disponível,Planta Delivery,,"NOME CIENTÍFICO Vriesea hybrida; NOMES POPULARES Vriésia-vermelha, bromélia-vermelha, espada-de-fogo. Família Bromeliaceae. Clima Tropical. Origem América Central e América do Sul. Imagem Ilustrativa: A planta segue com vaso simples ou torrão. Instruções Básicas Caro cliente, assim que receber seu produto, retire-o da embalagem e o coloque em seu lugar definitivo de plantio, lembrando sempre que o mesmo deverá ter o dobro do tamanho do torrão da planta para que haja espaço para colocar substrato adicional para um melhor desenvolvimento e não esqueça de ler atentamente as informações de sua planta para um melhor cuidado.",https://cdn.awsli.com.br/1200x1200/1982/1982052/produto/138506952/03980f7e13.jpg | https://cdn.awsli.com.br/1200x1200/1982/1982052/produto/138508144/415457e491.jpg | https://cdn.awsli.com.br/1200x1200/1982/1982052/produto/138507871/b4c45c668a.jpg | https://cdn.awsli.com.br/1200x1200/1982/1982052/produto/138507555/acadaf28cc.jpg | https://cdn.awsli.com.br/1200x1200/1982/1982052/produto/138507106/c8a4213823.jpg,https://www.plantadelivery.com.br/bromelia-vriesea-vermelha-pote-12-cm
Buxo / Buxinho,PD0922178,89.9,89.9,Disponível,Planta Delivery,,"NOME CIENTÍFICO Buxus sempervirens; NOMES POPULARES Buxinho, Árvore-da-caixa, Buxo. Família Buxaceae. Clima Mediterrâneo, Subtropical, Temperado, Tropical. Origem Ásia, Europa,Mediterrâneo. Imagem Ilustrativa: A planta segue com vaso simples ou torrão. Instruções Básicas Caro cliente, assim que receber seu produto, retire-o da embalagem e o coloque em seu lugar definitivo de plantio, lembrando sempre que o mesmo deverá ter o dobro do tamanho do torrão da planta para que haja espaço para colocar substrato adicional para um melhor desenvolvimento e não esqueça de ler atentamente as informações de sua planta para um melhor cuidado.",https://cdn.awsli.com.br/1200x1200/1982/1982052/produto/138627352/fb91f3b776.jpg,https://www.plantadelivery.com.br/buxo
Cacto Mandacaru,PD0922187,33.31,199.9,Disponível,Planta Delivery,,"NOME CIENTÍFICO Cereus Jamacaru; NOMES POPULARES Cacto Mandacaru, Cardeiro, Pytaia Arbórea, Tuna e Cacto Candelabro. FAMÍLIA Cactaceae. CLIMA Semiárido. ORIGEM Brasil. Imagem Ilustrativa: A planta segue com vaso simples ou torrão. Instruções Básicas Caro cliente, assim que receber seu produto, retire-o da embalagem e o coloque em seu lugar definitivo de plantio, lembrando sempre que o mesmo deverá ter o dobro do tamanho do torrão da planta para que haja espaço para colocar substrato adicional para um melhor desenvolvimento e não esqueça de ler atentamente as informações de sua planta para um melhor cuidado.",https://cdn.awsli.com.br/1200x1200/1982/1982052/produto/138633006/63328d56e5.jpg | https://cdn.awsli.com.br/1200x1200/1982/1982052/produto/138551260/9d80068874.jpg | https://cdn.awsli.com.br/1200x1200/1982/1982052/produto/137448235/69199bb0d0.jpg | https://cdn.awsli.com.br/1200x1200/1982/1982052/produto/136949973/f605191575.jpg | https://cdn.awsli.com.br/1200x1200/1982/1982052/produto/180865162/29f216da8d.jpg,https://www.plantadelivery.com.br/cacto-mandacaru
Cacto Rabo de Macaco - Cuia 21,PD0922123,89.9,89.9,Disponível,Planta Delivery,,"NOME CIENTÍFICO Hildewintera colademononis; NOMES POPULARES Rabo-de-macaco. FAMÍLIA Cactaceae. CLIMA Tropical, Subtropical. ORIGEM Bolívia. Imagem Ilustrativa: A planta segue com vaso simples ou torrão. Instruções Básicas Caro cliente, assim que receber seu produto, retire-o da embalagem e o coloque em seu lugar definitivo de plantio, lembrando sempre que o mesmo deverá ter o dobro do tamanho do torrão da planta para que haja espaço para colocar substrato adicional para um melhor desenvolvimento e não esqueça de ler atentamente as informações de sua planta para um melhor cuidado.",https://cdn.awsli.com.br/1200x1200/1982/1982052/produto/138551260/9d80068874.jpg | https://cdn.awsli.com.br/1200x1200/1982/1982052/produto/138551260/cdc8d17e9f.jpg | https://cdn.awsli.com.br/1200x1200/1982/1982052/produto/138550003/ea1adf2c0b.jpg | https://cdn.awsli.com.br/1200x1200/1982/1982052/produto/138613594/d09b158ce5.jpg | https://cdn.awsli.com.br/1200x1200/1982/1982052/produto/138578431/2ce6bacadd.jpg | https://cdn.awsli.com.br/1200x1200/1982/1982052/produto/138541557/69517c99b4.jpg,https://www.plantadelivery.com.br/cacto-rabo-de-macaco
Camarão Amarelo,PD0922158,39.9,69.9,Disponível,Planta Delivery,,"NOME CIENTÍFICO Pachystachys lutea; NOMES POPULARES Camarão-amarelo, camarão, planta-camarão, candelabro-de-outro. FAMÍLIA Acanthaceae. CLIMA Equatorial, Oceânico, Tropical e Subtropical. ORIGEM América do Sul, Peru. Imagem Ilustrativa: A planta segue com vaso simples ou torrão. Instruções Básicas Caro cliente, assim que receber seu produto, retire-o da embalagem e o coloque em seu lugar definitivo de plantio, lembrando sempre que o mesmo deverá ter o dobro do tamanho do torrão da planta para que haja espaço para colocar substrato adicional para um melhor desenvolvimento e não esqueça de ler atentamente as informações de sua planta para um melhor cuidado.",https://cdn.awsli.com.br/1200x1200/1982/1982052/produto/138615367/3ac83999c3.jpg | https://cdn.awsli.com.br/1200x1200/1982/1982052/produto/138526052/dea76ffcbd.jpg | https://cdn.awsli.com.br/1200x1200/1982/1982052/produto/138470566/9032ca221e.jpg,https://www.plantadelivery.com.br/camarao-amarelo
Camarão Amarelo - Caixa com 15 unidades,PD042253,39.9,49.9,Disponível,Planta Delivery,,"Indicado para: Ambiente interno e externo; Nome científico: Pachystachys lutea; Luminosidade: Cultivo em Meia Sombra ou Sol Pleno; Grupo: Arbusto exótico; Clima: Equatorial, Oceânico, Subtropical, Tropical; Origem: América do Sul, Peru; Tamanho quando adulta: Pode chegar a 1,2 metros. Imagem Ilustrativa: As plantas seguem em caixa de madeira com torrão. Modo de Cultivo: Caro cliente, assim que receber seu produto, retire-o da embalagem e o coloque em seu lugar definitivo de plantio, lembrando sempre que o mesmo deverá ter o dobro do tamanho do torrão da planta para que haja espaço para colocar substrato adicional para um melhor desenvolvimento. Em seguida regue sua planta e a coloque num local com luminosidade e ventilação natural. Verifique periodicamente a umidade, regando sempre que perceber que a terra superficial estiver seca.",https://cdn.awsli.com.br/1200x1200/1982/1982052/produto/138470566/9032ca221e.jpg | https://cdn.awsli.com.br/1200x1200/1982/1982052/produto/138470566/db59d1bd6d.jpg | https://cdn.awsli.com.br/1200x1200/1982/1982052/produto/138526052/dea76ffcbd.jpg | https://cdn.awsli.com.br/1200x1200/1982/1982052/produto/138615367/3ac83999c3.jpg | https://cdn.awsli.com.br/1200x1200/1982/1982052/produto/174033709/146cc62d69.jpg | https://cdn.awsli.com.br/1200x1200/1982/1982052/produto/138609282/03311cb540.jpg,https://www.plantadelivery.com.br/camarao-amarelo-caixa
Camélia Branca,PD0922159,149.9,99.9,Disponível,Planta Delivery,,"NOME CIENTÍFICO Camellia japonica; NOMES POPULARES Camélia, Japoneira. FAMÍLIA Theaceae. CLIMA Mediterrâneo, Subtropical, Temperado, Tropical. ORIGEM Ásia. Imagem Ilustrativa: A planta segue com vaso simples ou torrão. Instruções Básicas Caro cliente, assim que receber seu produto, retire-o da embalagem e o coloque em seu lugar definitivo de plantio, lembrando sempre que o mesmo deverá ter o dobro do tamanho do torrão da planta para que haja espaço para colocar substrato adicional para um melhor desenvolvimento e não esqueça de ler atentamente as informações de sua planta para um melhor cuidado.",https://cdn.awsli.com.br/1200x1200/1982/1982052/produto/138615585/a7c27690ff.jpg | https://cdn.awsli.com.br/1200x1200/1982/1982052/produto/138615585/4f81356623.jpg | https://cdn.awsli.com.br/1200x1200/1982/1982052/produto/138627548/0a707b00f8.jpg,https://www.plantadelivery.com.br/camelia-branca
Camélia Rosa,PD0922180,24.98,149.9,Disponível,,,"NOME CIENTÍFICO Camellia japonica; NOMES POPULARES Camélia, Japoneira. FAMÍLIA Theaceae. CLIMA Mediterrâneo, Subtropical, Temperado, Tropical. ORIGEM Ásia. Imagem Ilustrativa: A planta segue com vaso simples ou torrão. Instruções Básicas Caro cliente, assim que receber seu produto, retire-o da embalagem e o coloque em seu lugar definitivo de plantio, lembrando sempre que o mesmo deverá ter o dobro do tamanho do torrão da planta para que haja espaço para colocar substrato adicional para um melhor desenvolvimento e não esqueça de ler atentamente as informações de sua planta para um melhor cuidado.",https://cdn.awsli.com.br/1200x1200/1982/1982052/produto/138627548/0a707b00f8.jpg | https://cdn.awsli.com.br/1200x1200/1982/1982052/produto/138615585/a7c27690ff.jpg,https://www.plantadelivery.com.br/camelia-rosa
Capim do Texas - Roxo,PD092261,49.9,49.9,Disponível,Planta Delivery,,"NOME CIENTÍFICO Pennisetum setaceum; NOMES POPULARES Capim-do-texas, capim-chorão. FAMÍLIA Poaceae. CLIMA Continental, Equatorial, Mediterrâneo, Oceânico, Subtropical, Tropical. ORIGEM África e Ásia. Imagem Ilustrativa: A planta segue com vaso simples ou torrão. Instruções Básicas Caro cliente, assim que receber seu produto, retire-o da embalagem e o coloque em seu lugar definitivo de plantio, lembrando sempre que o mesmo deverá ter o dobro do tamanho do torrão da planta para que haja espaço para colocar substrato adicional para um melhor desenvolvimento e não esqueça de ler atentamente as informações de sua planta para um melhor cuidado.",https://cdn.awsli.com.br/1200x1200/1982/1982052/produto/138500352/a6bcb7cfcd.jpg | https://cdn.awsli.com.br/1200x1200/1982/1982052/produto/138500352/6598eaa0a5.jpg | https://cdn.awsli.com.br/1200x1200/1982/1982052/produto/138525674/31a496d164.jpg | https://cdn.awsli.com.br/1200x1200/1982/1982052/produto/138436066/31540ef9a0.jpg | https://cdn.awsli.com.br/1200x1200/1982/1982052/produto/138528165/8f00cbe122.jpg | https://cdn.awsli.com.br/1200x1200/1982/1982052/produto/238694666/alface-crespa-roxa-zu8vv62pax.png,https://www.plantadelivery.com.br/capim-do-texas-roxo
Capim do Texas - Verde,PD092286,49.9,49.9,Disponível,Planta Delivery,,"NOME CIENTÍFICO Pennisetum setaceum; NOMES POPULARES Capim-do-texas, capim-chorão. FAMÍLIA Poaceae. CLIMA Continental, Equatorial, Mediterrâneo, Oceânico, Subtropical, Tropical. ORIGEM África e Ásia. Imagem Ilustrativa: A planta segue com vaso simples ou torrão. Instruções Básicas Caro cliente, assim que receber seu produto, retire-o da embalagem e o coloque em seu lugar definitivo de plantio, lembrando sempre que o mesmo deverá ter o dobro do tamanho do torrão da planta para que haja espaço para colocar substrato adicional para um melhor desenvolvimento e não esqueça de ler atentamente as informações de sua planta para um melhor cuidado.",https://cdn.awsli.com.br/1200x1200/1982/1982052/produto/138525674/31a496d164.jpg | https://cdn.awsli.com.br/1200x1200/1982/1982052/produto/138525674/fdcda27dcc.jpg | https://cdn.awsli.com.br/1200x1200/1982/1982052/produto/138500352/a6bcb7cfcd.jpg,https://www.plantadelivery.com.br/capim-do-texas-verde
Caqui,PD102207,21.65,129.9,Disponível,Planta Delivery,,"Tamanho aproximado: 1,00 m a 1,50 m Indicado para Ambiente externo Tamanho Aproximadamente 1 a 1,30 metros de altura Torrão Aproximadamente 25 cm de diâmetro. Nome Científico Diospyros kaki. Luminosidade Cultivo em Pleno Sol. Origem Ásia. Imagem Ilustrativa: A planta segue com vaso simples ou torrão. Instruções Básicas Caro cliente, assim que receber seu produto, retire-o da embalagem e o coloque em seu lugar definitivo de plantio, lembrando sempre que o mesmo deverá ter o dobro do tamanho do torrão da planta para que haja espaço para colocar substrato adicional para um melhor desenvolvimento e não esqueça de ler atentamente as informações de sua planta para um melhor cuidado.",https://cdn.awsli.com.br/1200x1200/1982/1982052/produto/138696278/641cf84551.jpg | https://cdn.awsli.com.br/1200x1200/1982/1982052/produto/138696278/90d3c56702.jpg | https://cdn.awsli.com.br/1200x1200/1982/1982052/produto/138696278/62680cbd8d.jpg,https://www.plantadelivery.com.br/caqui
Cereja Sakura,PD102223,21.65,129.9,Disponível,Planta Delivery,,"Tamanho aproximado: 1,00 m a 1,50 m Nome científico Prunus avium Nomes Populares Cereja Familía Rosaceae. Luminosidade Sol Pleno. Origem Ásia. Imagem Ilustrativa: A planta segue com vaso simples ou torrão. Instruções Básicas Caro cliente, assim que receber seu produto, retire-o da embalagem e o coloque em seu lugar definitivo de plantio, lembrando sempre que o mesmo deverá ter o dobro do tamanho do torrão da planta para que haja espaço para colocar substrato adicional para um melhor desenvolvimento e não esqueça de ler atentamente as informações de sua planta para um melhor cuidado.",https://cdn.awsli.com.br/1200x1200/1982/1982052/produto/138723675/53735d6105.jpg | https://cdn.awsli.com.br/1200x1200/1982/1982052/produto/138723675/98c01bacc2.jpg | https://cdn.awsli.com.br/1200x1200/1982/1982052/produto/175368290/f20328eaa5.jpg,https://www.plantadelivery.com.br/cereja
Chamaedorea,PD092234,,,Utilizamos cookies para que você tenha a melhor experiência em nosso site. Para saber mais acesse nossa página de,Planta Delivery,,"NOME CIENTÍFICO Chamaedorea elegans; NOMES POPULARES Camedórea-elegante, Camedórea, Palmeira-de-salão, Pacaia, Palmeira-bambu. FAMÍLIA Arecaceae. CLIMA Equatorial, Subtropical, Tropical. ORIGEM América Central, América do Norte, Belize, Guatemala, México. Imagem Ilustrativa: A planta segue com vaso simples ou torrão. Instruções Básicas Caro cliente, assim que receber seu produto, retire-o da embalagem e o coloque em seu lugar definitivo de plantio, lembrando sempre que o mesmo deverá ter o dobro do tamanho do torrão da planta para que haja espaço para colocar substrato adicional para um melhor desenvolvimento e não esqueça de ler atentamente as informações de sua planta para um melhor cuidado.",https://cdn.awsli.com.br/1200x1200/1982/1982052/produto/138464719/4d37aa5e63.jpg | https://cdn.awsli.com.br/1200x1200/1982/1982052/produto/138464719/97208c1b13.jpg,https://www.plantadelivery.com.br/chamaedorea
Chifre de Veado,PD0922121,99.9,99.9,Disponível,Planta Delivery,,"NOME CIENTÍFICO Platycerium bifurcatum; NOMES POPULARES Chifre-de-veado, Samambaia-chifre-de-veado. FAMÍLIA Polypodiaceae. CLIMA Equatorial, Oceânico, Subtropical, Tropical. ORIGEM Austrália, Ilhas da Sonda, Nova Caledônia, Nova Guiné, Oceania. Imagem Ilustrativa: A planta segue com vaso simples ou torrão. Instruções Básicas Caro cliente, assim que receber seu produto, retire-o da embalagem e o coloque em seu lugar definitivo de plantio, lembrando sempre que o mesmo deverá ter o dobro do tamanho do torrão da planta para que haja espaço para colocar substrato adicional para um melhor desenvolvimento e não esqueça de ler atentamente as informações de sua planta para um melhor cuidado.",https://cdn.awsli.com.br/1200x1200/1982/1982052/produto/138550402/7a2c828756.jpg,https://www.plantadelivery.com.br/chifre-de-veado
Cica Circinalis,PD0922142,44.98,269.9,Disponível,Planta Delivery,,"NOME CIENTÍFICO Cycas circinalis; NOMES POPULARES Palmeira-sagu, Sagu, Cica, Cicas, Palmeira-samambaia, Cica-elegante. FAMÍLIA Cicadaceae. CLIMA Tropical, Subtropical, Equatorial, Oceânico. ORIGEM Ásia. Imagem Ilustrativa: A planta segue com vaso simples ou torrão. Instruções Básicas Caro cliente, assim que receber seu produto, retire-o da embalagem e o coloque em seu lugar definitivo de plantio, lembrando sempre que o mesmo deverá ter o dobro do tamanho do torrão da planta para que haja espaço para colocar substrato adicional para um melhor desenvolvimento e não esqueça de ler atentamente as informações de sua planta para um melhor cuidado.",https://cdn.awsli.com.br/1200x1200/1982/1982052/produto/138610865/7d95ff5905.jpg,https://www.plantadelivery.com.br/cica-circinalis
Ciclanto,PD092228,31.65,189.9,Disponível,Planta Delivery,,"Folhas grandes, de até 1 metro de comprimento, eretas, coriáceas, inteiras ou com um recorte na ponta, dotadas de pecíolo longo, ereto e liso formados a partir da base como um tufo de hastes, de grande efeito ornamental. Cresce bem em ambas as condições, tanto em solo firme como planta ornamental, em terra fértil, rica em matéria orgânica, bem drenada e mantida úmida, como em solos encharcados como planta aquática. NOME CIENTÍFICO Cyclanthus bipartitus NOMES POPULARES Ciclanto, mapuá FAMÍLIA Cyclanthaceae CLIMA Subtropical, Tropical ORIGEM Região Amazônica, Brasil Imagem Ilustrativa: A planta segue com vaso simples ou torrão. Instruções Básicas Caro cliente, assim que receber seu produto, retire-o da embalagem e o coloque em seu lugar definitivo de plantio, lembrando sempre que o mesmo deverá ter o dobro do tamanho do torrão da planta para que haja espaço para colocar substrato adicional para um melhor desenvolvimento e não esqueça de ler atentamente as informações de sua planta para um melhor cuidado.",https://cdn.awsli.com.br/1200x1200/1982/1982052/produto/138463402/f21fb949fa.jpg | https://cdn.awsli.com.br/1200x1200/1982/1982052/produto/138463402/ed9fc80693.jpg,https://www.plantadelivery.com.br/ciclanto
Cinerária Marítima - Caixa com 15 unidades,PD0922165,19.9,44.9,Disponível,Planta Delivery,,"NOME CIENTÍFICO Senecio douglasii; NOMES POPULARES Cinerária, Cinerária-marítima FAMÍLIA Asteraceae. CLIMA Continental, Equatorial, Mediterrâneo, Oceânico, Semi-árido, Subtropical, Tropical. ORIGEM América do Norte, Estados Unidos. Imagem Ilustrativa: A planta segue com vaso simples ou torrão. Instruções Básicas Caro cliente, assim que receber seu produto, retire-o da embalagem e o coloque em seu lugar definitivo de plantio, lembrando sempre que o mesmo deverá ter o dobro do tamanho do torrão da planta para que haja espaço para colocar substrato adicional para um melhor desenvolvimento e não esqueça de ler atentamente as informações de sua planta para um melhor cuidado.",https://cdn.awsli.com.br/1200x1200/1982/1982052/produto/138622382/6841433723.jpg | https://cdn.awsli.com.br/1200x1200/1982/1982052/produto/138622382/1dd69e04f3.jpg | https://cdn.awsli.com.br/1200x1200/1982/1982052/produto/174033709/146cc62d69.jpg | https://cdn.awsli.com.br/1200x1200/1982/1982052/produto/138609282/03311cb540.jpg | https://cdn.awsli.com.br/1200x1200/1982/1982052/produto/174064565/55000e72c0.jpg | https://cdn.awsli.com.br/1200x1200/1982/1982052/produto/174061194/326e1ae25f.jpg,https://www.plantadelivery.com.br/cineraria-maritima
Cissus Rhombifolia,PD0922104,89.9,89.9,Disponível,Planta Delivery,,"NOME CIENTÍFICO Cissus rhombifolia; NOMES POPULARES Cipó-uva, Anil-trepador, Cisso, Cissus, Uva-brava, Uva-brava, Uva-do-mato, Uva-selvagem. FAMÍLIA Vitaeae. CLIMA Equatorial, Mediterrâneo, Subtropical, Temperado, Tropical. ORIGEM Ilha de Java. Imagem Ilustrativa: A planta segue com vaso simples ou torrão. Instruções Básicas Caro cliente, assim que receber seu produto, retire-o da embalagem e o coloque em seu lugar definitivo de plantio, lembrando sempre que o mesmo deverá ter o dobro do tamanho do torrão da planta para que haja espaço para colocar substrato adicional para um melhor desenvolvimento e não esqueça de ler atentamente as informações de sua planta para um melhor cuidado.",https://cdn.awsli.com.br/1200x1200/1982/1982052/produto/138540239/1829158cf5.jpg,https://www.plantadelivery.com.br/cissus-rhombifolia
Clorofito - Caixa com 15 unidades,PD092259,19.9,39.9,Disponível,Planta Delivery,,"NOME CIENTÍFICO Chlorophytum comosum; NOMES POPULARES Clorofito, Gravatinha. FAMÍLIA Agavaceae. CLIMA Equatorial, Mediterrâneo, Subtropical, Tropical. ORIGEM África, África do Sul. Imagem Ilustrativa: A planta segue com vaso simples ou torrão. Instruções Básicas Caro cliente, assim que receber seu produto, retire-o da embalagem e o coloque em seu lugar definitivo de plantio, lembrando sempre que o mesmo deverá ter o dobro do tamanho do torrão da planta para que haja espaço para colocar substrato adicional para um melhor desenvolvimento e não esqueça de ler atentamente as informações de sua planta para um melhor cuidado.",https://cdn.awsli.com.br/1200x1200/1982/1982052/produto/138499444/9bbb401ab5.jpg | https://cdn.awsli.com.br/1200x1200/1982/1982052/produto/138499444/6ba319611c.jpg | https://cdn.awsli.com.br/1200x1200/1982/1982052/produto/174033709/146cc62d69.jpg | https://cdn.awsli.com.br/1200x1200/1982/1982052/produto/138609282/03311cb540.jpg | https://cdn.awsli.com.br/1200x1200/1982/1982052/produto/174064565/55000e72c0.jpg | https://cdn.awsli.com.br/1200x1200/1982/1982052/produto/174061194/326e1ae25f.jpg,https://www.plantadelivery.com.br/clorofito-caixa-com-15-unidades
Clúsia Variegata,PD0922201,79.9,89.9,Disponível,Planta Delivery,,"NOME CIENTÍFICO Clusia fluminensis; NOMES POPULARES Cúsia. FAMÍLIA Clusiaceae. CLIMA Tropical ou Tropical úmido. ORIGEM Brasil. Imagem Ilustrativa: A planta segue com vaso simples ou torrão. Instruções Básicas Caro cliente, assim que receber seu produto, retire-o da embalagem e o coloque em seu lugar definitivo de plantio, lembrando sempre que o mesmo deverá ter o dobro do tamanho do torrão da planta para que haja espaço para colocar substrato adicional para um melhor desenvolvimento e não esqueça de ler atentamente as informações de sua planta para um melhor cuidado.",https://cdn.awsli.com.br/1200x1200/1982/1982052/produto/138636499/13cf531267.jpg | https://cdn.awsli.com.br/1200x1200/1982/1982052/produto/139814820/01f210cbe7.jpg | https://cdn.awsli.com.br/1200x1200/1982/1982052/produto/138537441/4c2e717b7c.jpg | https://cdn.awsli.com.br/1200x1200/1982/1982052/produto/138611281/14e7284859.jpg | https://cdn.awsli.com.br/1200x1200/1982/1982052/produto/135822450/c23eb1f352.jpg,https://www.plantadelivery.com.br/clusia-variegata-
Clúsia Verde,PD122113,89.9,79.9,Disponível,Planta Delivery,,"Tamanho aproximado: 0,40 a 0,60 m Nativa do litoral de São Paulo e Rio de Janeiro, a clúsia pode ter o porte de arbusto ou arvoreta, podendo atingir 6 metros de altura se não for podada. Sua folhagem é bastante ornamental, apresentando folhas rígidas, brilhantes em forma de gota. Ela tem uma característica interessante: é capaz de absorver gás carbônico durante a noite, tendo assim uma fotossíntese mais eficiente e uma grande proteção contra a desidratação. As flores são pequenas e brancas, e a espécie é dióica, isto é, apresenta plantas macho e fêmea separadas. A floração ocorre na primavera e verão. Os frutos pequenos atraem os passarinhos. Tem ampla utilização paisagística, sendo excelente para a implantação de cercas vivas e renques rústicos e resistentes, principalmente no litoral, onde outras plantas encontram dificuldade em se adaptar. Também pode ser plantada em vasos em terraços ou ambientes internos, além de arbustos informais isolados ou em grupos no jardim. Deve ser cultivada sob sol pleno ou meia-sombra, em solo fértil e leve, com regas periódicas. As podas devem ser regulares para manter o porte da planta arbustivo. Multiplica-se facilmente por estaquia, alporquia ou por sementes. NOME CIENTÍFICO Clusia fluminensis NOMES POPULARES Clúsia FAMÍLIA Clusiaceae CLIMA Equatorial, Mediterrâneo, Oceânico, Subtropical, Tropical ORIGEM América do Sul, Brasil. ALTURA Pode chegar a 4 metros. LUMINOSIDADE Meia Sombra, Sol pleno. CICLO DE VIDA Perene. Imagem Ilustrativa: A planta segue com vaso simples ou torrão. Instruções Básicas: Caro cliente, assim que receber seu produto, retire-o da embalagem e o coloque em seu lugar definitivo de plantio, lembrando sempre que o mesmo deverá ter o dobro do tamanho do torrão da planta para que haja espaço para colocar substrato adicional para um melhor desenvolvimento e não esqueça de ler atentamente as informações de sua planta para um melhor cuidado.",https://cdn.awsli.com.br/1200x1200/1982/1982052/produto/139814820/01f210cbe7.jpg | https://cdn.awsli.com.br/1200x1200/1982/1982052/produto/139814820/2a981b877f.jpg | https://cdn.awsli.com.br/1200x1200/1982/1982052/produto/139814820/aedb5e060f.jpg | https://cdn.awsli.com.br/1200x1200/1982/1982052/produto/138636499/13cf531267.jpg,https://www.plantadelivery.com.br/clusia-verde
Colar de Pérolas,PD092281,59.9,59.9,Disponível,Planta Delivery,,"NOME CIENTÍFICO Senecio rowleyanus; NOMES POPULARES Rosário, Colar-de-pérolas, Pérola-verde. FAMÍLIA Asteraceae. CLIMA Equatorial, Mediterrâneo, Subtropical, Tropical. ORIGEM África. Cuia 13 Imagem Ilustrativa: A planta segue com vaso simples ou torrão. Instruções Básicas Caro cliente, assim que receber seu produto, retire-o da embalagem e o coloque em seu lugar definitivo de plantio, lembrando sempre que o mesmo deverá ter o dobro do tamanho do torrão da planta para que haja espaço para colocar substrato adicional para um melhor desenvolvimento e não esqueça de ler atentamente as informações de sua planta para um melhor cuidado.",https://cdn.awsli.com.br/1200x1200/1982/1982052/produto/138509939/9a4947c419.jpg | https://cdn.awsli.com.br/1200x1200/1982/1982052/produto/138509939/aa42fa7f23.jpg,https://www.plantadelivery.com.br/colar-de-perolas
Columeia Havaiana,PD0922122,89.9,99.9,Disponível,Planta Delivery,,"NOME CIENTÍFICO Columnea gloriosa; NOMES POPULARES Columéia havaiana. FAMÍLIA Gesneriaceae. CLIMA Equatorial, Subtropical, Tropical. ORIGEM Costa Rica. Imagem Ilustrativa: A planta segue com vaso simples ou torrão. Instruções Básicas Caro cliente, assim que receber seu produto, retire-o da embalagem e o coloque em seu lugar definitivo de plantio, lembrando sempre que o mesmo deverá ter o dobro do tamanho do torrão da planta para que haja espaço para colocar substrato adicional para um melhor desenvolvimento e não esqueça de ler atentamente as informações de sua planta para um melhor cuidado.",https://cdn.awsli.com.br/1200x1200/1982/1982052/produto/138550631/8e63df9eaf.jpg | https://cdn.awsli.com.br/1200x1200/1982/1982052/produto/138549741/70d4da08da.jpg,https://www.plantadelivery.com.br/columeia-havaiana
Columeia Peixinho,PD0922119,99.9,89.9,Disponível,Planta Delivery,,"NOME CIENTÍFICO Nematanthus wettsteinii; NOMES POPULARES Columéia-peixinho, Peixinho. FAMÍLIA Gesneriaceae. CLIMA Equatorial, Subtropical, Tropical. ORIGEM América do Sul, Brasil. Imagem Ilustrativa: A planta segue com vaso simples ou torrão. Instruções Básicas Caro cliente, assim que receber seu produto, retire-o da embalagem e o coloque em seu lugar definitivo de plantio, lembrando sempre que o mesmo deverá ter o dobro do tamanho do torrão da planta para que haja espaço para colocar substrato adicional para um melhor desenvolvimento e não esqueça de ler atentamente as informações de sua planta para um melhor cuidado.",https://cdn.awsli.com.br/1200x1200/1982/1982052/produto/138549741/70d4da08da.jpg | https://cdn.awsli.com.br/1200x1200/1982/1982052/produto/138550631/8e63df9eaf.jpg | https://cdn.awsli.com.br/1200x1200/1982/1982052/produto/173893200/ca4389feec.jpg | https://cdn.awsli.com.br/1200x1200/1982/1982052/produto/173894801/f72ba91437.jpg,https://www.plantadelivery.com.br/columeia-peixinho
Comigo Ninguém Pode  - P17,PD0922166,69.9,89.9,Disponível,Planta Delivery,,"Dieffenbachia seguine, conhecida pelos nomes comuns de comigo-ninguém-pode e aningapara, é uma planta da família das Araceae muito apreciada como ornamental de interiores, dada a sua tolerância à baixa luminosidade ambiente e baixa umidade relativa do ar. NOME CIENTÍFICO Dieffenbachia amoena; NOMES POPULARES Comigo-ninguém-pode, Difembáquia. FAMÍLIA Araceae. CLIMA Equatorial, Subtropical, Tropical. ORIGEM América Central. Imagem Ilustrativa: A planta segue com vaso simples ou torrão. Instruções Básicas Caro cliente, assim que receber seu produto, retire-o da embalagem e o coloque em seu lugar definitivo de plantio, lembrando sempre que o mesmo deverá ter o dobro do tamanho do torrão da planta para que haja espaço para colocar substrato adicional para um melhor desenvolvimento e não esqueça de ler atentamente as informações de sua planta para um melhor cuidado.",https://cdn.awsli.com.br/1200x1200/1982/1982052/produto/138622745/ddcf83fbd6.jpg | https://cdn.awsli.com.br/1200x1200/1982/1982052/produto/147644198/df92d22e0c.jpg | https://cdn.awsli.com.br/1200x1200/1982/1982052/produto/177276726/ccd0711cb8.jpg | https://cdn.awsli.com.br/1200x1200/1982/1982052/produto/137872919/793af02460.jpg | https://cdn.awsli.com.br/1200x1200/1982/1982052/produto/137874114/ca6b51ed3b.jpg,https://www.plantadelivery.com.br/comigo-ninguem-pode
Congéia,PD092204,69.9,69.9,Disponível,Planta Delivery,,"NOME CIENTÍFICO Congea tomentosa; NOMES POPULARES Congéia, Côngea, Wooly congea. FAMÍLIA Verbenaceae. CLIMA Subtropical e Tropical. ORIGEM Índia e Malásia. Imagem Ilustrativa: A planta segue com vaso simples ou torrão. Instruções Básicas Caro cliente, assim que receber seu produto, retire-o da embalagem e o coloque em seu lugar definitivo de plantio, lembrando sempre que o mesmo deverá ter o dobro do tamanho do torrão da planta para que haja espaço para colocar substrato adicional para um melhor desenvolvimento e não esqueça de ler atentamente as informações de sua planta para um melhor cuidado.",https://cdn.awsli.com.br/1200x1200/1982/1982052/produto/138326557/78746cbb4e.jpg | https://cdn.awsli.com.br/1200x1200/1982/1982052/produto/138326557/c6bb57c4a5.jpg,https://www.plantadelivery.com.br/congeia
Coqueiro Anão,PD092237,169.9,199.9,Disponível,Planta Delivery,,"NOME CIENTÍFICO Cocos nucifera; NOMES POPULARES Coco, Coco-da-baía, Coco-da-praia, Coqueiro, Coqueiro-anão, Coqueiro-da-índia. FAMÍLIA Arecaceae. CLIMA Equatorial, Oceânico, Subtropical, Tropical. ORIGEM Ásia. Imagem Ilustrativa: A planta segue com vaso simples ou torrão. Instruções Básicas Caro cliente, assim que receber seu produto, retire-o da embalagem e o coloque em seu lugar definitivo de plantio, lembrando sempre que o mesmo deverá ter o dobro do tamanho do torrão da planta para que haja espaço para colocar substrato adicional para um melhor desenvolvimento e não esqueça de ler atentamente as informações de sua planta para um melhor cuidado.",https://cdn.awsli.com.br/1200x1200/1982/1982052/produto/138465263/d5cb92cb8a.jpg | https://cdn.awsli.com.br/1200x1200/1982/1982052/produto/138465263/80af4fe978.jpg | https://cdn.awsli.com.br/1200x1200/1982/1982052/produto/136967097/3f5febf703.jpg | https://cdn.awsli.com.br/1200x1200/1982/1982052/produto/138527455/87d5ea568f.jpg | https://cdn.awsli.com.br/1200x1200/1982/1982052/produto/138527955/a9bea4721f.jpg,https://www.plantadelivery.com.br/coqueiro-anao
Coroa de Cristo - Caixa com 15 unidades,PD092243,35.5,39.9,Disponível,Planta Delivery,,"NOME CIENTÍFICO Euphorbia milii; NOMES POPULARES Coroa de Cristo. FAMÍLIA Euphorbiaceae. CLIMA Equatorial, Subtropical, Tropical. ORIGEM África, Madagascar. Imagem Ilustrativa: A planta segue com vaso simples ou torrão. Instruções Básicas Caro cliente, assim que receber seu produto, retire-o da embalagem e o coloque em seu lugar definitivo de plantio, lembrando sempre que o mesmo deverá ter o dobro do tamanho do torrão da planta para que haja espaço para colocar substrato adicional para um melhor desenvolvimento e não esqueça de ler atentamente as informações de sua planta para um melhor cuidado.",https://cdn.awsli.com.br/1200x1200/1982/1982052/produto/138468138/fc36874df8.jpg | https://cdn.awsli.com.br/1200x1200/1982/1982052/produto/138468138/b3d6cf72f9.jpg | https://cdn.awsli.com.br/1200x1200/1982/1982052/produto/138502372/0eb94e5548.jpg | https://cdn.awsli.com.br/1200x1200/1982/1982052/produto/136472670/9b19528711.jpg | https://cdn.awsli.com.br/1200x1200/1982/1982052/produto/174033709/146cc62d69.jpg | https://cdn.awsli.com.br/1200x1200/1982/1982052/produto/138609282/03311cb540.jpg,https://www.plantadelivery.com.br/coroa-de-cristo-caixa-com-15-unidades
Costela de Adão,PD092201,89.9,89.9,Disponível,Planta Delivery,,"Suas folhas são espetaculares! Gigantes, elas possuem um desenho único. As bordas são perfeitamente recortadas e possuem furos no meio, como se quisessem arejar-se. Além disso, apresentam uma coloração verde escura e são muito brilhantes. Deve ser cultivada em substrato rico em matéria orgânica, com regas regulares, à meia-sombra. Plantada isolada ou em pequenos grupos, pode ser tutorada para escalar sobre outras plantas e paredes. Produz frutos comestíveis. Multiplica-se por estaquia oriundas do caule. Indicado para: Ambiente interno; Tamanho: Aproximadamente de 30 a 50 cm de altura; Torrão: Aproximadamente 20 cm de diâmetro; Nome científico: Monstera deliciosa; Luminosidade: Cultivo em Meia Sombra ou Luz Indireta; Categoria: Trepadeiras; Origem: América do Norte, México; Ciclo de vida: Perene; Tamanho quando adulta: Pode chegar a 9 metros. Imagem Ilustrativa : A planta segue com vaso simples ou torrão. Instruções Básicas Caro cliente, assim que receber seu produto, retire-o da embalagem e o coloque em seu lugar definitivo de plantio, lembrando sempre que o mesmo deverá ter o dobro do tamanho do torrão da planta para que haja espaço para colocar substrato adicional para um melhor desenvolvimento e não esqueça de ler atentamente as informações de sua planta para um melhor cuidado.",https://cdn.awsli.com.br/1200x1200/1982/1982052/produto/138324877/bca270dc18.jpg | https://cdn.awsli.com.br/1200x1200/1982/1982052/produto/138324877/af9e61b86d.jpg,https://www.plantadelivery.com.br/costela-de-adao
Cravina - Caixa com 15 unidades,PD092254,19.9,39.9,Disponível,Planta Delivery,,"NOME CIENTÍFICO Dianthus chinensis; NOMES POPULARES Cravina. FAMÍLIA Caryophyllaceae. CLIMA Mediterrâneo, Oceânico, Subtropical, Tropical. ORIGEM Ásia, Europa. OBS.: As cores das caixaria são sortidas. Imagem Ilustrativa: A planta segue com vaso simples ou torrão. Instruções Básicas Caro cliente, assim que receber seu produto, retire-o da embalagem e o coloque em seu lugar definitivo de plantio, lembrando sempre que o mesmo deverá ter o dobro do tamanho do torrão da planta para que haja espaço para colocar substrato adicional para um melhor desenvolvimento e não esqueça de ler atentamente as informações de sua planta para um melhor cuidado.",https://cdn.awsli.com.br/1200x1200/1982/1982052/produto/138470448/9077212650.jpg | https://cdn.awsli.com.br/1200x1200/1982/1982052/produto/138470448/fd9315963a.jpg | https://cdn.awsli.com.br/1200x1200/1982/1982052/produto/174033709/146cc62d69.jpg | https://cdn.awsli.com.br/1200x1200/1982/1982052/produto/138609282/03311cb540.jpg | https://cdn.awsli.com.br/1200x1200/1982/1982052/produto/174064565/55000e72c0.jpg | https://cdn.awsli.com.br/1200x1200/1982/1982052/produto/174061194/326e1ae25f.jpg,https://www.plantadelivery.com.br/cravina-caixa-com-15-unidades
Crista de Galo - Caixa com 15 unidades,PD092264,39.9,35.5,Disponível,Planta Delivery,,"NOME CIENTÍFICO Celosia cristata; NOMES POPULARES Crista-de-galo, Amaranto, Celósia, Suspiro. FAMÍLIA Amaranthaceae. CLIMA Continental, Equatorial, Mediterrâneo, Subtropical, Temperado, Tropical. ORIGEM Ásia. Imagem Ilustrativa: A planta segue com vaso simples ou torrão. Instruções Básicas Caro cliente, assim que receber seu produto, retire-o da embalagem e o coloque em seu lugar definitivo de plantio, lembrando sempre que o mesmo deverá ter o dobro do tamanho do torrão da planta para que haja espaço para colocar substrato adicional para um melhor desenvolvimento e não esqueça de ler atentamente as informações de sua planta para um melhor cuidado.",https://cdn.awsli.com.br/1200x1200/1982/1982052/produto/138502372/0eb94e5548.jpg | https://cdn.awsli.com.br/1200x1200/1982/1982052/produto/138468138/fc36874df8.jpg | https://cdn.awsli.com.br/1200x1200/1982/1982052/produto/136472670/9b19528711.jpg | https://cdn.awsli.com.br/1200x1200/1982/1982052/produto/174033709/146cc62d69.jpg | https://cdn.awsli.com.br/1200x1200/1982/1982052/produto/138609282/03311cb540.jpg,https://www.plantadelivery.com.br/crista-de-galo-caixa-com-15-unidades
Cróton Petra,PD122136,31.65,189.9,Disponível,Planta Delivery,,"Tamanho aproximado: 0,30 a 0,60 m O cróton é uma planta arbustiva de folhagem muito exuberante. Ele apresenta caule de textura semi-lenhosa a lenhosa e seiva leitosa tóxica. Suas folhas são coriáceas e brilhantes e podem ser afiladas, lobadas, ovaladas ou retorcidas, de tamanhos variados. No entanto o que mais chama a atenção nesta planta é o colorido de suas folhas, que se mostram mescladas de vermelho, roxo, rosa, branco, amarelo, verde ou laranja, nas mais variadas combinações. As manchas coloridas podem ser simplesmente pintalgadas, ou cobrirem as bordas, o centro e as nervuras das folhas. O porte do cróton pode alcançar 2-3 metros de altura. As flores têm pouca importância ornamental. As variedades são muitas, e as mais conhecidas são a ‘Spirale’, a ‘Andreanum’, a ‘Majesticum’, a ‘Aureo-maculatum’, a ‘Sanderi’, a ‘Angustissimum’, a ‘Aucubifolium’, a ‘Interruptum’ e a ‘Weismannii’. A escolha da variedade vai depender do gosto do cliente e das qualidades paisagísticas de cada uma. Os crótons se prestam para utilização como planta isolada, ganhando grande destaque, ou na forma de cercas-vivas, que devem ter um aspecto natural, sem podas geométricas. Em composições com outras plantas também é excelente devido ao belo contraste que sua folhagem proporciona. Pode ser cultivada em interiores, desde que receba muita luz e umidade, não se adaptando ao ar-condicionado. Devem ser cultivados sob sol pleno ou sombra-parcial em solo. NOME CIENTÍFICO Coadiaeum variegatum NOMES POPULARES Cróton Var. Petra FAMÍLIA Euphorbiaceae CLIMA Subtropical, Tropical ORIGEM Ásia ALTURA Pode chegar a 3 metros. LUMINOSIDADE Meia Sombra, Sol pleno. CICLO DE VIDA Perene. Imagem Ilustrativa: A planta segue com vaso simples ou torrão. Instruções Básicas: Caro cliente, assim que receber seu produto, retire-o da embalagem e o coloque em seu lugar definitivo de plantio, lembrando sempre que o mesmo deverá ter o dobro do tamanho do torrão da planta para que haja espaço para colocar substrato adicion",https://cdn.awsli.com.br/1200x1200/1982/1982052/produto/139839139/3ddbfc8897.jpg | https://cdn.awsli.com.br/1200x1200/1982/1982052/produto/139839139/9972738986.jpg | https://cdn.awsli.com.br/1200x1200/1982/1982052/produto/139837406/39abafc0f4.jpg | https://cdn.awsli.com.br/1200x1200/1982/1982052/produto/138624232/5b0432361c.jpg | https://cdn.awsli.com.br/1200x1200/1982/1982052/produto/138610697/02e435c013.jpg | https://cdn.awsli.com.br/1200x1200/1982/1982052/produto/138610562/a50f543a5e.jpg,https://www.plantadelivery.com.br/croton-americana
Cróton Brasileirinho,PD122131,189.9,54.9,Disponível,Planta Delivery,,"Tamanho aproximado: 0,20 a 0,40 m O cróton é uma planta arbustiva de folhagem muito exuberante. Ele apresenta caule de textura semi-lenhosa a lenhosa e seiva leitosa tóxica. Suas folhas são coriáceas e brilhantes e podem ser afiladas, lobadas, ovaladas ou retorcidas, de tamanhos variados. No entanto o que mais chama a atenção nesta planta é o colorido de suas folhas, que se mostram mescladas de vermelho, roxo, rosa, branco, amarelo, verde ou laranja, nas mais variadas combinações. As manchas coloridas podem ser simplesmente pintalgadas, ou cobrirem as bordas, o centro e as nervuras das folhas. O porte do cróton pode alcançar 2-3 metros de altura. As flores têm pouca importância ornamental. As variedades são muitas, e as mais conhecidas são a ‘Spirale’, a ‘Andreanum’, a ‘Majesticum’, a ‘Aureo-maculatum’, a ‘Sanderi’, a ‘Angustissimum’, a ‘Aucubifolium’, a ‘Interruptum’ e a ‘Weismannii’. A escolha da variedade vai depender do gosto do cliente e das qualidades paisagísticas de cada uma. Os crótons se prestam para utilização como planta isolada, ganhando grande destaque, ou na forma de cercas-vivas, que devem ter um aspecto natural, sem podas geométricas. Em composições com outras plantas também é excelente devido ao belo contraste que sua folhagem proporciona. Pode ser cultivada em interiores, desde que receba muita luz e umidade, não se adaptando ao ar-condicionado. Devem ser cultivados sob sol pleno ou sombra-parcial em solo fértil, leve e enriquecido com matéria orgânica, com regas regulares. Tipicamente tropical, o cróton não é tolerante ao frio e às geadas. Multiplica-se por estaquia e alporquia. Utilize sempre luvas para manipular esta planta, pois sua seiva pode provocar irritações na pele. NOME CIENTÍFICO Codiaeum variegatum NOMES POPULARES Cróton, Folha-imperial, Louro-variegado FAMÍLIA Euphorbiaceae CLIMA Equatorial, Subtropical, Tropical ORIGEM Ásia. ALTURA Pode chegar a 3 metros. LUMINOSIDADE Meia Sombra, Sol pleno. CICLO DE VIDA Perene. Imagem Ilustrativa:",https://cdn.awsli.com.br/1200x1200/1982/1982052/produto/139837406/39abafc0f4.jpg | https://cdn.awsli.com.br/1200x1200/1982/1982052/produto/139837406/2ff8275a58.jpg | https://cdn.awsli.com.br/1200x1200/1982/1982052/produto/139839139/3ddbfc8897.jpg | https://cdn.awsli.com.br/1200x1200/1982/1982052/produto/138624232/5b0432361c.jpg | https://cdn.awsli.com.br/1200x1200/1982/1982052/produto/138610697/02e435c013.jpg | https://cdn.awsli.com.br/1200x1200/1982/1982052/produto/138610562/a50f543a5e.jpg,https://www.plantadelivery.com.br/croton-brasileirinho
Cróton Canarinho,PD0922171,79.9,119.9,Disponível,Planta Delivery,,"NOME CIENTÍFICO Codiaeum variegatum; NOMES POPULARES Cróton, Folha-imperial, Louro-variegado. FAMÍLIA Euphorbiaceae. CLIMA Equatorial, Subtropical, Tropical. ORIGEM Ásia. Imagem Ilustrativa: A planta segue com vaso simples ou torrão. Instruções Básicas Caro cliente, assim que receber seu produto, retire-o da embalagem e o coloque em seu lugar definitivo de plantio, lembrando sempre que o mesmo deverá ter o dobro do tamanho do torrão da planta para que haja espaço para colocar substrato adicional para um melhor desenvolvimento e não esqueça de ler atentamente as informações de sua planta para um melhor cuidado.",https://cdn.awsli.com.br/1200x1200/1982/1982052/produto/138624232/5b0432361c.jpg | https://cdn.awsli.com.br/1200x1200/1982/1982052/produto/139837406/39abafc0f4.jpg | https://cdn.awsli.com.br/1200x1200/1982/1982052/produto/139839139/3ddbfc8897.jpg | https://cdn.awsli.com.br/1200x1200/1982/1982052/produto/138610697/02e435c013.jpg | https://cdn.awsli.com.br/1200x1200/1982/1982052/produto/138610562/a50f543a5e.jpg,https://www.plantadelivery.com.br/croton-canarinho
Cróton Híbrido,PD0922139,54.9,89.9,Disponível,Planta Delivery,,"NOME CIENTÍFICO Codiaeum variegatum; NOMES POPULARES Cróton, Folha-imperial, Louro-variegado. FAMÍLIA Euphorbiaceae. CLIMA Equatorial, Subtropical, Tropical. ORIGEM Ásia. Imagem Ilustrativa: A planta segue com vaso simples ou torrão. Instruções Básicas Caro cliente, assim que receber seu produto, retire-o da embalagem e o coloque em seu lugar definitivo de plantio, lembrando sempre que o mesmo deverá ter o dobro do tamanho do torrão da planta para que haja espaço para colocar substrato adicional para um melhor desenvolvimento e não esqueça de ler atentamente as informações de sua planta para um melhor cuidado.",https://cdn.awsli.com.br/1200x1200/1982/1982052/produto/138610430/42b699d0d8.jpg | https://cdn.awsli.com.br/1200x1200/1982/1982052/produto/139837406/39abafc0f4.jpg | https://cdn.awsli.com.br/1200x1200/1982/1982052/produto/139839139/3ddbfc8897.jpg | https://cdn.awsli.com.br/1200x1200/1982/1982052/produto/138624232/5b0432361c.jpg | https://cdn.awsli.com.br/1200x1200/1982/1982052/produto/138610697/02e435c013.jpg,https://www.plantadelivery.com.br/croton-hibrido
Cróton Parafuso,PD0922140,26.65,159.9,Disponível,Planta Delivery,,"NOME CIENTÍFICO Codiaeum variegatum; NOMES POPULARES Cróton, Folha-imperial, Louro-variegado. FAMÍLIA Euphorbiaceae. CLIMA Equatorial, Subtropical, Tropical. ORIGEM Ásia. Imagem Ilustrativa: A planta segue com vaso simples ou torrão. Instruções Básicas Caro cliente, assim que receber seu produto, retire-o da embalagem e o coloque em seu lugar definitivo de plantio, lembrando sempre que o mesmo deverá ter o dobro do tamanho do torrão da planta para que haja espaço para colocar substrato adicional para um melhor desenvolvimento e não esqueça de ler atentamente as informações de sua planta para um melhor cuidado.",https://cdn.awsli.com.br/1200x1200/1982/1982052/produto/138610562/a50f543a5e.jpg | https://cdn.awsli.com.br/1200x1200/1982/1982052/produto/139837406/39abafc0f4.jpg | https://cdn.awsli.com.br/1200x1200/1982/1982052/produto/139839139/3ddbfc8897.jpg | https://cdn.awsli.com.br/1200x1200/1982/1982052/produto/138624232/5b0432361c.jpg | https://cdn.awsli.com.br/1200x1200/1982/1982052/produto/138610697/02e435c013.jpg,https://www.plantadelivery.com.br/croton-parafuso
Cróton Samba,PD0922141,54.9,99.9,Disponível,Planta Delivery,,"NOME CIENTÍFICO Codiaeum variegatum; NOMES POPULARES Cróton, Folha-imperial, Louro-variegado. FAMÍLIA Euphorbiaceae. CLIMA Equatorial, Subtropical, Tropical. ORIGEM Ásia. Imagem Ilustrativa: A planta segue com vaso simples ou torrão. Instruções Básicas Caro cliente, assim que receber seu produto, retire-o da embalagem e o coloque em seu lugar definitivo de plantio, lembrando sempre que o mesmo deverá ter o dobro do tamanho do torrão da planta para que haja espaço para colocar substrato adicional para um melhor desenvolvimento e não esqueça de ler atentamente as informações de sua planta para um melhor cuidado.",https://cdn.awsli.com.br/1200x1200/1982/1982052/produto/138610697/02e435c013.jpg | https://cdn.awsli.com.br/1200x1200/1982/1982052/produto/139837406/39abafc0f4.jpg | https://cdn.awsli.com.br/1200x1200/1982/1982052/produto/139839139/3ddbfc8897.jpg | https://cdn.awsli.com.br/1200x1200/1982/1982052/produto/138624232/5b0432361c.jpg | https://cdn.awsli.com.br/1200x1200/1982/1982052/produto/138610562/a50f543a5e.jpg,https://www.plantadelivery.com.br/croton-samba
Cuféia ou Falsa Érica - Caixa com 15 unidades,PD092289,19.9,39.9,Disponível,Planta Delivery,,"NOME CIENTÍFICO Cuphea gracilis; NOMES POPULARES Cuféia, Cúfea, Falsa-érica. FAMÍLIA Lythraceae. CLIMA Equatorial, Subtropical, Tropical. ORIGEM América do Sul, Brasil. Imagem Ilustrativa: A planta segue com vaso simples ou torrão. Instruções Básicas Caro cliente, assim que receber seu produto, retire-o da embalagem e o coloque em seu lugar definitivo de plantio, lembrando sempre que o mesmo deverá ter o dobro do tamanho do torrão da planta para que haja espaço para colocar substrato adicional para um melhor desenvolvimento e não esqueça de ler atentamente as informações de sua planta para um melhor cuidado.",https://cdn.awsli.com.br/1200x1200/1982/1982052/produto/138526329/1e4f4b122d.jpg | https://cdn.awsli.com.br/1200x1200/1982/1982052/produto/138526329/47feb25bd9.jpg | https://cdn.awsli.com.br/1200x1200/1982/1982052/produto/174033709/146cc62d69.jpg | https://cdn.awsli.com.br/1200x1200/1982/1982052/produto/138609282/03311cb540.jpg | https://cdn.awsli.com.br/1200x1200/1982/1982052/produto/174064565/55000e72c0.jpg | https://cdn.awsli.com.br/1200x1200/1982/1982052/produto/174061194/326e1ae25f.jpg,https://www.plantadelivery.com.br/cufeia-ou-falsa-erica
Dama da Noite,PD0922126,89.9,89.9,Disponível,Planta Delivery,,"NOME CIENTÍFICO Cestrum nocturnum; NOMES POPULARES Dama-da-noite, Coerana, Coirana, Flor-da-noite, Jasmim-da-noite, Jasmim-verde, Rainha-da-noite. FAMÍLIA Solonaceae. CLIMA Equatorial, Subtropical, Tropical. ORIGEM América do Norte, Central e do Sul. Imagem Ilustrativa: A planta segue com vaso simples ou torrão. Instruções Básicas Caro cliente, assim que receber seu produto, retire-o da embalagem e o coloque em seu lugar definitivo de plantio, lembrando sempre que o mesmo deverá ter o dobro do tamanho do torrão da planta para que haja espaço para colocar substrato adicional para um melhor desenvolvimento e não esqueça de ler atentamente as informações de sua planta para um melhor cuidado.",https://cdn.awsli.com.br/1200x1200/1982/1982052/produto/138564881/18474941de.jpg | https://cdn.awsli.com.br/1200x1200/1982/1982052/produto/138564881/87469f0383.jpg,https://www.plantadelivery.com.br/dama-da-noite
Dinheiro em Penca,PD0922118,89.9,89.9,Disponível,Planta Delivery,,"NOME CIENTÍFICO Callisia repens; NOMES POPULARES Dinheiro-em-penca, Dinheirinho, Mosquitinho, Tostão; FAMÍLIA Commelinaceae. CLIMA Equatorial, Subtropical, Tropical. ORIGEM América Central, América do Sul; Imagem Ilustrativa: A planta segue com vaso simples ou torrão. Instruções Básicas Caro cliente, assim que receber seu produto, retire-o da embalagem e o coloque em seu lugar definitivo de plantio, lembrando sempre que o mesmo deverá ter o dobro do tamanho do torrão da planta para que haja espaço para colocar substrato adicional para um melhor desenvolvimento e não esqueça de ler atentamente as informações de sua planta para um melhor cuidado.",https://cdn.awsli.com.br/1200x1200/1982/1982052/produto/138549408/ad144e625c.jpg,https://www.plantadelivery.com.br/dinheiro-em-penca
Dipladênia,PD092211,69.9,69.9,Disponível,Planta Delivery,,"NOME CIENTÍFICO Mandevilla splendens; NOMES POPULARES Dipladênia, Jalapa-do-campo, Jasmim-brasileiro, Mandevila, Tutti-frutti; FAMÍLIA Apocynaceae. CLIMA Equatorial, Oceânico, Subtropical, Tropical. ORIGEM América do Sul, Brasil. Imagem Ilustrativa: A planta segue com vaso simples ou torrão. Instruções Básicas Caro cliente, assim que receber seu produto, retire-o da embalagem e o coloque em seu lugar definitivo de plantio, lembrando sempre que o mesmo deverá ter o dobro do tamanho do torrão da planta para que haja espaço para colocar substrato adicional para um melhor desenvolvimento e não esqueça de ler atentamente as informações de sua planta para um melhor cuidado.",https://cdn.awsli.com.br/1200x1200/1982/1982052/produto/138436653/4246ebd157.jpg | https://cdn.awsli.com.br/1200x1200/1982/1982052/produto/138436653/cf6120fe30.jpg,https://www.plantadelivery.com.br/dipladenia
Dracena Arbórea,PD0922155,19.98,119.9,Disponível,Planta Delivery,,"NOME CIENTÍFICO Dracaena arborea; NOMES POPULARES Dracena, Dragoeiro, Pau-d'água, Coqueiro-de-vênus, Dracena-deremenis, Cana-agna, Cana-índia, Tronco-do-brasil, Pau-do-brasil; FAMÍLIA Asparagaceae. CLIMA Equatorial, Mediterrâneo, Oceânico, Subtropical, Temperado, Tropical. ORIGEM África, Madagascar. Imagem Ilustrativa: A planta segue com vaso simples ou torrão. Instruções Básicas Caro cliente, assim que receber seu produto, retire-o da embalagem e o coloque em seu lugar definitivo de plantio, lembrando sempre que o mesmo deverá ter o dobro do tamanho do torrão da planta para que haja espaço para colocar substrato adicional para um melhor desenvolvimento e não esqueça de ler atentamente as informações de sua planta para um melhor cuidado.",https://cdn.awsli.com.br/1200x1200/1982/1982052/produto/138615042/b47fcbb443.jpg | https://cdn.awsli.com.br/1200x1200/1982/1982052/produto/138615194/8e21784493.jpg | https://cdn.awsli.com.br/1200x1200/1982/1982052/produto/135804257/3a4688c1da.jpg | https://cdn.awsli.com.br/1200x1200/1982/1982052/produto/139831267/c2e3ca5296.jpg,https://www.plantadelivery.com.br/dracena-arborea
Dracena Baby,PD0922157,119.9,73.5,Disponível,Planta Delivery,,"NOME CIENTÍFICO Cordelini terminalis; NOMES POPULARES Dracena-de-madagascar, Dracena; FAMÍLIA Asparagaceae. CLIMA Equatorial, Subtropical, Tropical. ORIGEM África, Madagascar. Imagem Ilustrativa: A planta segue com vaso simples ou torrão. Instruções Básicas Caro cliente, assim que receber seu produto, retire-o da embalagem e o coloque em seu lugar definitivo de plantio, lembrando sempre que o mesmo deverá ter o dobro do tamanho do torrão da planta para que haja espaço para colocar substrato adicional para um melhor desenvolvimento e não esqueça de ler atentamente as informações de sua planta para um melhor cuidado.",https://cdn.awsli.com.br/1200x1200/1982/1982052/produto/138615194/8e21784493.jpg | https://cdn.awsli.com.br/1200x1200/1982/1982052/produto/138615042/b47fcbb443.jpg | https://cdn.awsli.com.br/1200x1200/1982/1982052/produto/135804257/3a4688c1da.jpg | https://cdn.awsli.com.br/1200x1200/1982/1982052/produto/139831267/c2e3ca5296.jpg | https://cdn.awsli.com.br/1200x1200/1982/1982052/produto/138460466/2c4728f14c.jpg,https://www.plantadelivery.com.br/dracena-baby
Pau D'água - 1m,PD0922131,139.9,159.9,Disponível,Planta Delivery,,"NOME CIENTÍFICO Dracaena fragans; NOMES POPULARES Dracena-fragrans, coqueiro-de-vênus, pau-d’água, dracena-de-vênus; FAMÍLIA Asparagaceae. CLIMA Equatorial, Mediterrâneo, Oceânico, Subtropical, Tropical. ORIGEM África. Imagem Ilustrativa: A planta segue com vaso simples ou torrão. Instruções Básicas Caro cliente, assim que receber seu produto, retire-o da embalagem e o coloque em seu lugar definitivo de plantio, lembrando sempre que o mesmo deverá ter o dobro do tamanho do torrão da planta para que haja espaço para colocar substrato adicional para um melhor desenvolvimento e não esqueça de ler atentamente as informações de sua planta para um melhor cuidado.",https://cdn.awsli.com.br/1200x1200/1982/1982052/produto/138580014/pau-d--gua-ugg6wseb15.png | https://cdn.awsli.com.br/1200x1200/1982/1982052/produto/138580014/pau-d--gua2-hh1fzcfkqp.jpeg | https://cdn.awsli.com.br/1200x1200/1982/1982052/produto/138580014/pau-d--gua-3-ju2ktcx666.jpeg | https://cdn.awsli.com.br/1200x1200/1982/1982052/produto/138580014/pau-d--gua-2-87jrnx6s25.jpeg | https://cdn.awsli.com.br/1200x1200/1982/1982052/produto/138580014/ee913174c1.jpg,https://www.plantadelivery.com.br/dracena-pau-dagua
Dracena Tricolor,PD122120,59.9,69.9,Disponível,Planta Delivery,,"Esta dracena é excelente para interiores, e deve ser colocada em ambientes com boa iluminação, além de vasos grandes, que permitam seu desenvolvimento saudável. Seus ramos podem ser tutorados para que fiquem retorcidos, de efeito mais escultural. A manutenção restringe-se à remoção das folhas baixas e velhas, e adubações anuais, além das regas semanais. No paisagismo, destaca-se plantada isolada ou em grupos, em jardins contemporâneos, tropicais e de pedras.O crescimento da planta é de lento a moderado. Devem ser cultivadas sob sol pleno ou sombra parcial, em solo fértil, leve e enriquecido com matéria orgânica, com irrigações periódicas. Planta tipicamente tropical, não tolera o frio ou ventos fortes. Multiplica-se facilmente por estaquia. NOME CIENTÍFICO Dracaena marginata NOMES POPULARES Dracena-de-madagascar, Dracena FAMÍLIA Asparagaceae CLIMA Equatorial, Subtropical, Tropical ORIGEM África, Madagascar ALTURA Pode chegar a 4 metros. LUMINOSIDADE Meia Sombra, Sol pleno. CICLO DE VIDA Perene. Imagem Ilustrativa: A planta segue com vaso simples ou torrão. Instruções Básicas: Caro cliente, assim que receber seu produto, retire-o da embalagem e o coloque em seu lugar definitivo de plantio, lembrando sempre que o mesmo deverá ter o dobro do tamanho do torrão da planta para que haja espaço para colocar substrato adicional para um melhor desenvolvimento e não esqueça de ler atentamente as informações de sua planta para um melhor cuidado.",https://cdn.awsli.com.br/1200x1200/1982/1982052/produto/135804257/3a4688c1da.jpg | https://cdn.awsli.com.br/1200x1200/1982/1982052/produto/135804257/e9219b8366.jpg | https://cdn.awsli.com.br/1200x1200/1982/1982052/produto/135804257/ec065de52f.jpg | https://cdn.awsli.com.br/1200x1200/1982/1982052/produto/135804257/bfd74c93cc.jpg | https://cdn.awsli.com.br/1200x1200/1982/1982052/produto/138615194/8e21784493.jpg | https://cdn.awsli.com.br/1200x1200/1982/1982052/produto/138615042/b47fcbb443.jpg | https://cdn.awsli.com.br/1200x1200/1982/1982052/produto/139831267/c2e3ca5296.jpg | https://cdn.awsli.com.br/1200x1200/1982/1982052/produto/138525352/68284e8631.jpg,https://www.plantadelivery.com.br/dracena-tricolor
Espada de Santa Bárbara,PD202203,129.9,79.9,Disponível,Planta Delivery,,"NOME CIENTÍFICO Sansevieria trifasciata NOMES POPULARES A espada-de-são-jorge, espada-de-santa-bárbara ou espada-de-Iansã. FAMÍLIA Asparagaceae CLIMA Equatorial, Subtropical, Tropical. ORIGEM África. Imagem Ilustrativa: A planta segue com vaso simples ou torrão. Instruções Básicas Caro cliente, assim que receber seu produto, retire-o da embalagem e o coloque em seu lugar definitivo de plantio, lembrando sempre que o mesmo deverá ter o dobro do tamanho do torrão da planta para que haja espaço para colocar substrato adicional para um melhor desenvolvimento e não esqueça de ler atentamente as informações de sua planta para um melhor cuidado.",https://cdn.awsli.com.br/1200x1200/1982/1982052/produto/140320507/c7119c5eb6.jpg | https://cdn.awsli.com.br/1200x1200/1982/1982052/produto/140320507/076f4b4018.jpg | https://cdn.awsli.com.br/1200x1200/1982/1982052/produto/177275500/05f90284be.jpg | https://cdn.awsli.com.br/1200x1200/1982/1982052/produto/140318035/f21b84e2c7.jpg | https://cdn.awsli.com.br/1200x1200/1982/1982052/produto/177274543/f541cb7e1b.jpg | https://cdn.awsli.com.br/1200x1200/1982/1982052/produto/140320870/8a86e3a4f4.jpg,https://www.plantadelivery.com.br/espada-de-santa-barbara
Espada de São Jorge,PD202202,129.9,79.9,Disponível,Planta Delivery,,"NOME CIENTÍFICO Sansevieria trifasciata NOMES POPULARES Espada-de-são-jorge, Língua-de-sogra, Rabo-de-lagarto, Sansevéria. FAMÍLIA Asparagaceae CLIMA Equatorial, Subtropical, Tropical. ORIGEM África. Imagem Ilustrativa: A planta segue com vaso simples ou torrão. Instruções Básicas Caro cliente, assim que receber seu produto, retire-o da embalagem e o coloque em seu lugar definitivo de plantio, lembrando sempre que o mesmo deverá ter o dobro do tamanho do torrão da planta para que haja espaço para colocar substrato adicional para um melhor desenvolvimento e não esqueça de ler atentamente as informações de sua planta para um melhor cuidado.",https://cdn.awsli.com.br/1200x1200/1982/1982052/produto/140318035/f21b84e2c7.jpg | https://cdn.awsli.com.br/1200x1200/1982/1982052/produto/140318035/0b0d694776.jpg | https://cdn.awsli.com.br/1200x1200/1982/1982052/produto/177274543/f541cb7e1b.jpg | https://cdn.awsli.com.br/1200x1200/1982/1982052/produto/140320870/8a86e3a4f4.jpg | https://cdn.awsli.com.br/1200x1200/1982/1982052/produto/177277386/de67c7f7e6.jpg | https://cdn.awsli.com.br/1200x1200/1982/1982052/produto/140322206/377ba5b176.jpg,https://www.plantadelivery.com.br/espada-de-sao-jorge
Estrela do Egito - Caixa com 15 unidades,PD092258,89.9,39.9,Disponível,Planta Delivery,,"NOME CIENTÍFICO Pentas lanceolata; NOMES POPULARES Estrela-do-egito, Cacho-de-estrelas, Pentas, Show-de-estrelas, Silena; FAMÍLIA Rubiaceae. CLIMA Equatorial, Subtropical, Tropical. ORIGEM África. Imagem Ilustrativa: A planta segue com vaso simples ou torrão. Instruções Básicas Caro cliente, assim que receber seu produto, retire-o da embalagem e o coloque em seu lugar definitivo de plantio, lembrando sempre que o mesmo deverá ter o dobro do tamanho do torrão da planta para que haja espaço para colocar substrato adicional para um melhor desenvolvimento e não esqueça de ler atentamente as informações de sua planta para um melhor cuidado.",https://cdn.awsli.com.br/1200x1200/1982/1982052/produto/138498509/9b9be85394.jpg | https://cdn.awsli.com.br/1200x1200/1982/1982052/produto/138498509/d2c4ae75b5.jpg | https://cdn.awsli.com.br/1200x1200/1982/1982052/produto/138612616/6f9de4e9a7.jpg | https://cdn.awsli.com.br/1200x1200/1982/1982052/produto/174033709/146cc62d69.jpg | https://cdn.awsli.com.br/1200x1200/1982/1982052/produto/138609282/03311cb540.jpg | https://cdn.awsli.com.br/1200x1200/1982/1982052/produto/174064565/55000e72c0.jpg,https://www.plantadelivery.com.br/estrela-do-egito-caixa-com-15-unidades
Eugenia,PD0922194,23.31,139.9,Disponível,Planta Delivery,,"NOME CIENTÍFICO Eugenia Sprengelii; NOMES POPULARES Eugenia; FAMÍLIA Myrtaceae. CLIMA Subtropical, Tropical, Temperado. ORIGEM Brasil. Imagem Ilustrativa: A planta segue com vaso simples ou torrão. Instruções Básicas Caro cliente, assim que receber seu produto, retire-o da embalagem e o coloque em seu lugar definitivo de plantio, lembrando sempre que o mesmo deverá ter o dobro do tamanho do torrão da planta para que haja espaço para colocar substrato adicional para um melhor desenvolvimento e não esqueça de ler atentamente as informações de sua planta para um melhor cuidado.",https://cdn.awsli.com.br/1200x1200/1982/1982052/produto/138635541/6064f72528.jpg,https://www.plantadelivery.com.br/eugenia
Evônimo,PD0922193,79.9,79.9,Disponível,Planta Delivery,,"NOME CIENTÍFICO Euonymus japonicus; NOMES POPULARES Evônimo, ivone; FAMÍLIA Celastraceae. CLIMA Subtropical, Oceânico, Mediterrâneo, Tropical e Temperado. ORIGEM Ásia. Imagem Ilustrativa: A planta segue com vaso simples ou torrão. Instruções Básicas Caro cliente, assim que receber seu produto, retire-o da embalagem e o coloque em seu lugar definitivo de plantio, lembrando sempre que o mesmo deverá ter o dobro do tamanho do torrão da planta para que haja espaço para colocar substrato adicional para um melhor desenvolvimento e não esqueça de ler atentamente as informações de sua planta para um melhor cuidado.",https://cdn.awsli.com.br/1200x1200/1982/1982052/produto/138635474/1213f7f4b3.jpg,https://www.plantadelivery.com.br/evonimo
Ficus Benjamina,PD0922164,23.31,139.9,Disponível,Planta Delivery,,"NOME CIENTÍFICO Ficus benjamina; NOMES POPULARES Berigan, figueira-benjamim; FAMÍLIA Moraceae. CLIMA Tropical, Subtropical, Equatorial. ORIGEM Índia e Filipinas. Imagem Ilustrativa: A planta segue com vaso simples ou torrão. Instruções Básicas Caro cliente, assim que receber seu produto, retire-o da embalagem e o coloque em seu lugar definitivo de plantio, lembrando sempre que o mesmo deverá ter o dobro do tamanho do torrão da planta para que haja espaço para colocar substrato adicional para um melhor desenvolvimento e não esqueça de ler atentamente as informações de sua planta para um melhor cuidado.",https://cdn.awsli.com.br/1200x1200/1982/1982052/produto/138622230/8b653d2d26.jpg | https://cdn.awsli.com.br/1200x1200/1982/1982052/produto/147643482/cf48b2f42e.jpg | https://cdn.awsli.com.br/1200x1200/1982/1982052/produto/140322867/c4504fb0b8.jpg | https://cdn.awsli.com.br/1200x1200/1982/1982052/produto/149879847/0d297364c1.jpg,https://www.plantadelivery.com.br/ficus-benjamina
Ficus Elastica Black,RX389YN2U,26.65,159.9,Disponível,Planta Delivery,,"Ficus elastica, conhecida pelo nome comum de árvore-da-borracha, planta da borracha ou falsa-seringueira,[1] é uma Moraceae tropical, originária de uma vasta região que se estende desde o subcontinente indiano (Assam) até à Malásia e à Indonésia (Java e Samatra), frequentemente utilizada como árvore de interior e como ornamental em zonas tropicais e subtropicais. Árvore perenifólia com uma altura entre quinze metros a vinte metros de altura (até sessenta metros no seu habitat natural), de tronco curto e grosso (chega aos dois metros de diâmetro), geralmente irregular e muito ramificado desde a base, de casca lisa, acinzentada, por vezes com laivos acastanhados, brilhante e com ranhuras horizontais. Este látex foi utilizado como matéria-prima no fabrico de borracha, embora não tenha a mesma abundância e qualidade do produzido pela seringueira. Nome popular: Ficus elastica, Falsa Seringueira Nome Ciêntífico: Ficus elastica Família: Moraceae Origem: Originária de uma vasta região que se estende desde o subcontinente indiano (Assam) até à Malásia e à Indonésia (Java e Samatra), frequentemente utilizada como árvore de interior e como ornamental em zonas tropicais e subtropicais. Ciclo de vida: Perene Folha: As folhas são alternas, com pecíolos até cinco centímetros, grandes, com comprimento entre os 12 cm e 35 cm (chegando a 45 cm nas plantas jovens) e de 10 cm a 15 cm de largura, ovais a elípticas, de consistência coriácea, verde-escuras e lustrosas na página superior; claras e com penugem na inferior. Antes de abrirem, as folhas encontram-se envolvidas por uma estípula avermelhada que termina num longo bico. Com o desenvolvimento da folha, a estípula desenrola-se e cai, expondo nova estípula a envolver o meristema apical. Existem cultivares, em geral utilizados como planta de decoração interior, com folhas variegadas de amarelo ou matizadas de castanho-avermelhado. A enervação é muito fina e o bordo é liso, a folha terminando num bico pronunciado. Crescimento da planta",https://cdn.awsli.com.br/1200x1200/1982/1982052/produto/149879847/0d297364c1.jpg | https://cdn.awsli.com.br/1200x1200/1982/1982052/produto/149879847/ca83569b96.jpg | https://cdn.awsli.com.br/1200x1200/1982/1982052/produto/147643482/cf48b2f42e.jpg | https://cdn.awsli.com.br/1200x1200/1982/1982052/produto/140322867/c4504fb0b8.jpg | https://cdn.awsli.com.br/1200x1200/1982/1982052/produto/138622230/8b653d2d26.jpg,https://www.plantadelivery.com.br/ficus-elastica-black
Figo,PD102209,21.65,129.9,Disponível,Planta Delivery,,"Tamanho aproximado: 1,00 m a 1,50 m Nome científico Ficus carica Nomes Populares Figueira-comum, Figueira, Figueira-da-europa, figueira-de-baco, Figueireia-de-portugal, Figueira-do-reino. Familía Moraceae. Clima Mediterrâneo, Subtropical, Temperado, Tropical. Origem Ásia. Imagem Ilustrativa: A planta segue com vaso simples ou torrão. Instruções Básicas Caro cliente, assim que receber seu produto, retire-o da embalagem e o coloque em seu lugar definitivo de plantio, lembrando sempre que o mesmo deverá ter o dobro do tamanho do torrão da planta para que haja espaço para colocar substrato adicional para um melhor desenvolvimento e não esqueça de ler atentamente as informações de sua planta para um melhor cuidado.",https://cdn.awsli.com.br/1200x1200/1982/1982052/produto/138698455/b9204dbd79.jpg | https://cdn.awsli.com.br/1200x1200/1982/1982052/produto/138698455/417bc35e5c.jpg | https://cdn.awsli.com.br/1200x1200/1982/1982052/produto/138698455/3a90d8ed44.jpg,https://www.plantadelivery.com.br/figo
Ficus Lyrata,PD202206,49.98,299.9,Disponível,Planta Delivery,,"NOME CIENTÍFICO Ficus lyrata NOMES POPULARES Figueira-lira, Ficus-lira, Figueira-violino. FAMÍLIA Moraceae CLIMA Equatorial, Mediterrâneo, Subtropical, Tropical. ORIGEM África, Camarões, Serra Leoa. Imagem Ilustrativa: A planta segue com vaso simples ou torrão. Instruções Básicas Caro cliente, assim que receber seu produto, retire-o da embalagem e o coloque em seu lugar definitivo de plantio, lembrando sempre que o mesmo deverá ter o dobro do tamanho do torrão da planta para que haja espaço para colocar substrato adicional para um melhor desenvolvimento e não esqueça de ler atentamente as informações de sua planta para um melhor cuidado.",https://cdn.awsli.com.br/1200x1200/1982/1982052/produto/140322867/c4504fb0b8.jpg | https://cdn.awsli.com.br/1200x1200/1982/1982052/produto/140322867/7526a47de9.jpg | https://cdn.awsli.com.br/1200x1200/1982/1982052/produto/147643482/cf48b2f42e.jpg | https://cdn.awsli.com.br/1200x1200/1982/1982052/produto/138622230/8b653d2d26.jpg | https://cdn.awsli.com.br/1200x1200/1982/1982052/produto/149879847/0d297364c1.jpg,https://www.plantadelivery.com.br/figueira-lira
Filodendro Brasil,PD092299,79.9,99.9,Disponível,Planta Delivery,,"NOME CIENTÍFICO Philodendron hederaceum; NOMES POPULARES Filodendro Brasil, Filodendro; FAMÍLIA Araceae. CLIMA Equatorial, Oceânico, Subtropical, Tropical. ORIGEM Ilhas Salomão, Oceania; Imagem Ilustrativa: A planta segue com vaso simples ou torrão. Instruções Básicas Caro cliente, assim que receber seu produto, retire-o da embalagem e o coloque em seu lugar definitivo de plantio, lembrando sempre que o mesmo deverá ter o dobro do tamanho do torrão da planta para que haja espaço para colocar substrato adicional para um melhor desenvolvimento e não esqueça de ler atentamente as informações de sua planta para um melhor cuidado.",https://cdn.awsli.com.br/1200x1200/1982/1982052/produto/138534055/9f7089b396.jpg | https://cdn.awsli.com.br/1200x1200/1982/1982052/produto/175369081/3566f1d396.jpg,https://www.plantadelivery.com.br/filodendro-brasil
Helicônia Papagaio / Bico de Papagaio,PD122109,39.9,39.9,Disponível,Planta Delivery,,"Tamanho aproximado: 0,80 a 1,20 m A helicônia-papagaio é uma das helicônias mais cultivadas e conhecidas no mundo. Ela é uma planta essencialmente tropical, entouceirada e rizomatosa, com ramos de textura herbácea. Suas folhas são coriáceas, verdes e lisas, com formato oval-lanceolado, sustentadas por ramos eretos com cerca de 1,5 metros de altura e que formam densas touceiras com o tempo. Suas inflorescências curtas são produzidas em hastes longas e eretas, e são compostas de brácteas brilhantes e cerosas, de colorido vibrante, que vai do amarelo ao vermelho e, pequenas flores verdadeiras, que surgem de dentro das brácteas. A floração desta helicônia ocorre no verão. Atualmente existem muitas variedades comerciais de Helicônia-papagaio, com brácteas róseas, laranjas e com manchas marrons, etc. Entre estas podemos citar ‘Andromeda’, ‘Sassy’, ‘Lady Di’, ‘Choconiana’, ‘Golden Torch’ e ‘Strawberries and Cream’. É uma planta arbustiva adequada para jardins tropicais, onde pode ser utilizada em renques junto a muros ou em maciços e conjuntos. As inflorescências duráveis são largamente aproveitadas como flor-de-corte em arranjos florais. Deve ser cultivada sob pleno sol ou meia-sombra, em solo fértil, enriquecido com matéria orgânica e mantido úmido. Aprecia o calor e a umidade tropicais. Tolera o frio subtropical, podendo ser cultivada com sucesso em regiões com este clima. Adubações ricas em fósforo e potássio, além de reposições de matéria orgânica estimulam uma folhagem exuberante e uma floração mais abundante. Multiplica-se por divisão das touceiras. NOME CIENTÍFICO Heliconia psittacorum NOMES POPULARES Helicônia-papagaio, Caetezinho, Planta-papagaio, Tracoá FAMÍLIA Heliconiaceae CLIMA Equatorial, Subtropical, Tropical ORIGEM América do Sul, Brasil ALTURA Pode chegar a 0,6 metros. LUMINOSIDADE Meia Sombra. CICLO DE VIDA Perene. Imagem Ilustrativa: A planta segue com vaso simples ou torrão. Instruções Básicas: Caro cliente, assim que receber seu produto, retire-o da e",https://cdn.awsli.com.br/1200x1200/1982/1982052/produto/139812660/38f76728b2.jpg | https://cdn.awsli.com.br/1200x1200/1982/1982052/produto/139812660/cb150d3c98.jpg | https://cdn.awsli.com.br/1200x1200/1982/1982052/produto/139812660/aa8bf8b473.jpg | https://cdn.awsli.com.br/1200x1200/1982/1982052/produto/139812660/c32b288074.jpg | https://cdn.awsli.com.br/1200x1200/1982/1982052/produto/139812458/1d4e1b8c45.jpg | https://cdn.awsli.com.br/1200x1200/1982/1982052/produto/139811912/9455d98319.jpg | https://cdn.awsli.com.br/1200x1200/1982/1982052/produto/138609734/2ff489840b.jpg,https://www.plantadelivery.com.br/fimos9pa9-heliconia-papagaio-amarelo-bico-de-papagaio
Fitônia,PD0922103,79.9,79.9,Disponível,Planta Delivery,,"NOME CIENTÍFICO Fittonia albivenis; NOMES POPULARES Planta-mosaico, Fitônia; FAMÍLIA Acanthaceae; CLIMA Equatorial, Tropical; ORIGEM América do Sul, Colômbia, Peru; Imagem Ilustrativa: A planta segue com vaso simples ou torrão. Instruções Básicas Caro cliente, assim que receber seu produto, retire-o da embalagem e o coloque em seu lugar definitivo de plantio, lembrando sempre que o mesmo deverá ter o dobro do tamanho do torrão da planta para que haja espaço para colocar substrato adicional para um melhor desenvolvimento e não esqueça de ler atentamente as informações de sua planta para um melhor cuidado.",https://cdn.awsli.com.br/1200x1200/1982/1982052/produto/138539730/05f9670530.jpg,https://www.plantadelivery.com.br/fitonia
"Flamboyant Vermelho - Muda 1,60 a 2,00 metros",PD240132,31.65,189.9,Disponível,,,"Delonix regia, conhecida como Flamboyant ou Flor-do-Paraíso, é uma árvore tropical notável por suas flores deslumbrantes em tons de vermelho, laranja ou amarelo, agrupadas em grandes cachos. Com folhagem verde-escura e bipinada, atinge alturas impressionantes de 5 a 12 metros, formando uma copa ampla e arredondada. Preferindo climas tropicais e subtropicais, o Flamboyant é amplamente cultivado em paisagens urbanas, parques e jardins, proporcionando sombra generosa além de sua beleza ornamental. Simbolizando exuberância tropical, esta árvore é apreciada por sua presença marcante e floração espetacular na primavera e verão. INDICADO PARA Ambiente externo; TAMANHO Aproximadamente 1,50 metros de altura; TORRÃO Aproximadamente 25 cm de diâmetro; NOME CIENTÍFICO Delonix regia; CATEGORIA Árvores; ORIGEM África, Madagascar; LUMINOSIDADE Sol Pleno; PORTE Pode ultrapassar 12 metros de altura; CLIMA Equatorial, Subtropical, Tropical; Imagem Ilustrativa: A planta segue com vaso simples ou torrão. Instruções Básicas : Caro cliente, assim que receber seu produto, retire-o da embalagem e o coloque em seu lugar definitivo de plantio, lembrando sempre que o mesmo deverá ter o dobro do tamanho do torrão da planta para que haja espaço para colocar substrato adicional para um melhor desenvolvimento e não esqueça de ler atentamente as informações de sua planta para um melhor cuidado.",https://cdn.awsli.com.br/1200x1200/1982/1982052/produto/251713463/flamboyant-vermelho-3-4gtx34mmn7.jpg | https://cdn.awsli.com.br/1200x1200/1982/1982052/produto/251713463/flamboyant-vermelho-2-erp1laa92y.jpg | https://cdn.awsli.com.br/1200x1200/1982/1982052/produto/251713463/flamboyant-vermelho-zv06thpth9.jpg | https://cdn.awsli.com.br/1200x1200/1982/1982052/produto/137861658/ef37b0d220.jpg | https://cdn.awsli.com.br/1200x1200/1982/1982052/produto/137566542/8eb8d56f8f.jpg | https://cdn.awsli.com.br/1200x1200/1982/1982052/produto/137900544/f222a4eedb.jpg | https://cdn.awsli.com.br/1200x1200/1982/1982052/produto/137898688/327faee65c.jpg,https://www.plantadelivery.com.br/flamboyant-vermelho-muda-160-a-200-metros
Gazânia - Caixa com 15 unidades,PD092296,19.9,49.9,Disponível,Planta Delivery,,"NOME CIENTÍFICO Gazânia rigens; NOMES POPULARES Gazânia; FAMÍLIA Asteraceae; CLIMA Equatorial, Mediterrâneo, Subtropical, Temperado, Tropical; ORIGEM África, África do Sul; Imagem Ilustrativa: A planta segue com vaso simples ou torrão. Instruções Básicas Caro cliente, assim que receber seu produto, retire-o da embalagem e o coloque em seu lugar definitivo de plantio, lembrando sempre que o mesmo deverá ter o dobro do tamanho do torrão da planta para que haja espaço para colocar substrato adicional para um melhor desenvolvimento e não esqueça de ler atentamente as informações de sua planta para um melhor cuidado.",https://cdn.awsli.com.br/1200x1200/1982/1982052/produto/138528393/0e372cf64d.jpg | https://cdn.awsli.com.br/1200x1200/1982/1982052/produto/138528393/7d77242bef.jpg | https://cdn.awsli.com.br/1200x1200/1982/1982052/produto/174033709/146cc62d69.jpg | https://cdn.awsli.com.br/1200x1200/1982/1982052/produto/138609282/03311cb540.jpg | https://cdn.awsli.com.br/1200x1200/1982/1982052/produto/174064565/55000e72c0.jpg | https://cdn.awsli.com.br/1200x1200/1982/1982052/produto/174061194/326e1ae25f.jpg,https://www.plantadelivery.com.br/gazania-caixa-com-15-unidades
Gerânio Pendente - Caixa com 12 unidades,PD092244,89.9,89.9,Disponível,Planta Delivery,,"NOME CIENTÍFICO Pelargonium peltatum; NOMES POPULARES Gerânio-pendente, Gerânio-hera, Pelargônio-pendente; FAMÍLIA Geraniaceae; CLIMA Subtropical, Tropical; ORIGEM África; Imagem Ilustrativa: A planta segue com vaso simples ou torrão. Instruções Básicas Caro cliente, assim que receber seu produto, retire-o da embalagem e o coloque em seu lugar definitivo de plantio, lembrando sempre que o mesmo deverá ter o dobro do tamanho do torrão da planta para que haja espaço para colocar substrato adicional para um melhor desenvolvimento e não esqueça de ler atentamente as informações de sua planta para um melhor cuidado.",https://cdn.awsli.com.br/1200x1200/1982/1982052/produto/138468321/f489255890.jpg | https://cdn.awsli.com.br/1200x1200/1982/1982052/produto/138468321/d01e88a466.jpg,https://www.plantadelivery.com.br/geranio-pendente-caixa-com-12-unidades
Goiaba,PD102225,59.9,59.9,Disponível,Planta Delivery,,"Tamanho aproximado: 1,00 m a 1,50 m Nome científico Psidium guajava Nomes Populares Goiaba, Araçá-das-almas, Araçá-goiaba, Araçá-guaçu, Araçá-mirim, Araçaíba, Araçauaçu, Goiaba-maçã, Goiabeira, Goiabeira-branca, Goiabeira-vermelha, Guaiaba, Guaiava, Guaiba, Guava, Guiaba, Mepera. Familía Myrtaceae. Clima Equatorial, Subtropical, Tropical. Origem América Central, América do Sul. Imagem Ilustrativa: A planta segue com vaso simples ou torrão. Instruções Básicas Caro cliente, assim que receber seu produto, retire-o da embalagem e o coloque em seu lugar definitivo de plantio, lembrando sempre que o mesmo deverá ter o dobro do tamanho do torrão da planta para que haja espaço para colocar substrato adicional para um melhor desenvolvimento e não esqueça de ler atentamente as informações de sua planta para um melhor cuidado.",https://cdn.awsli.com.br/1200x1200/1982/1982052/produto/138725054/16df64989b.jpg | https://cdn.awsli.com.br/1200x1200/1982/1982052/produto/138725054/c85f7e3550.jpg,https://www.plantadelivery.com.br/goiaba
Grama de Gato / Trigo de Gato - Caixa 10 unidades - Pote 11,EEHWAFEES,75.9,99.9,Disponível,Planta Delivery,,"Os gatos adoram a graminha! A Graminha de Trigo Natural além de divertir o seu gato, ela auxilia no tratamento digestivo do seu gatinho. Os gatos são conhecidos por serem animais muito higiênicos e costumam sempre se lamber, e ntre uma lambida e outra, eles engolem os pelos e esses podem ficar preso no estômago, a Graminha de Trigo Natural ajuda a eliminar as bolas de pelos e auxilia na digestão do gato, deixando-o mais saudável e feliz.",https://cdn.awsli.com.br/1200x1200/1982/1982052/produto/236040552/whatsapp_image_2023-10-03_at_13-39-24-removebg-preview-esdtjv3kbz.png | https://cdn.awsli.com.br/1200x1200/1982/1982052/produto/236040552/whatsapp_image_2023-10-03_at_13-51-48__1_-removebg-preview-b1zbdce2e0.png | https://cdn.awsli.com.br/1200x1200/1982/1982052/produto/236040552/whatsapp-image-2023-10-03-at-13-44-11--1--1o2kgvi270.jpeg | https://cdn.awsli.com.br/1200x1200/1982/1982052/produto/139806253/71ee0adbaa.jpg | https://cdn.awsli.com.br/1200x1200/1982/1982052/produto/137565867/15c3482f22.jpg | https://cdn.awsli.com.br/1200x1200/1982/1982052/produto/138636340/5e8f30722e.jpg | https://cdn.awsli.com.br/1200x1200/1982/1982052/produto/138507555/acadaf28cc.jpg,https://www.plantadelivery.com.br/grama-de-gato-trigo-de-gato-caixa-10-unidades-pote-11
Grama Esmeralda - Por M²,PD092251,34.9,24.9,Disponível,Planta Delivery,,"NOME CIENTÍFICO Zoysia japonica; NOMES POPULARES Grama-esmeralda, Grama-zóisia, Grama-zóisia-silvestre, Zóisia; FAMÍLIA Poaceae; CLIMA Equatorial, Mediterrâneo, Subtropical, Temperado, Tropical; ORIGEM Ásia, China, Japão; Imagem Ilustrativa: A planta segue com vaso simples ou torrão. Instruções Básicas Caro cliente, assim que receber seu produto, retire-o da embalagem e o coloque em seu lugar definitivo de plantio, lembrando sempre que o mesmo deverá ter o dobro do tamanho do torrão da planta para que haja espaço para colocar substrato adicional para um melhor desenvolvimento e não esqueça de ler atentamente as informações de sua planta para um melhor cuidado.",https://cdn.awsli.com.br/1200x1200/1982/1982052/produto/138469834/75e03f24ba.jpg | https://cdn.awsli.com.br/1200x1200/1982/1982052/produto/138469834/1426531042.jpg | https://cdn.awsli.com.br/1200x1200/1982/1982052/produto/147088698/ebe6d7e9b0.jpg | https://cdn.awsli.com.br/1200x1200/1982/1982052/produto/137593375/4aacf023f6.jpg | https://cdn.awsli.com.br/1200x1200/1982/1982052/produto/137585039/47a2e38cb7.jpg | https://cdn.awsli.com.br/1200x1200/1982/1982052/produto/137566542/8eb8d56f8f.jpg,https://www.plantadelivery.com.br/grama-esmeralda-por-m
Grama Preta ou Pelo de Urso Baixa - Caixa com 15 unidades,PD092253,22.9,39.9,Disponível,Planta Delivery,,"NOME CIENTÍFICO Ophiopogon japonicus; NOMES POPULARES Grama-preta, Grama-japonesa, Pelo-de-urso; FAMÍLIA Ruscaceae; CLIMA Continental, Oceânico, Subtropical, Tropical; ORIGEM Ásia, China, Japão; Imagem Ilustrativa: A planta segue com vaso simples ou torrão. Instruções Básicas Caro cliente, assim que receber seu produto, retire-o da embalagem e o coloque em seu lugar definitivo de plantio, lembrando sempre que o mesmo deverá ter o dobro do tamanho do torrão da planta para que haja espaço para colocar substrato adicional para um melhor desenvolvimento e não esqueça de ler atentamente as informações de sua planta para um melhor cuidado.",https://cdn.awsli.com.br/1200x1200/1982/1982052/produto/138470311/255c441b8f.jpg | https://cdn.awsli.com.br/1200x1200/1982/1982052/produto/138470311/fec2e2f56a.jpg | https://cdn.awsli.com.br/1200x1200/1982/1982052/produto/137589565/e334e36923.jpg | https://cdn.awsli.com.br/1200x1200/1982/1982052/produto/138469834/75e03f24ba.jpg | https://cdn.awsli.com.br/1200x1200/1982/1982052/produto/147088698/ebe6d7e9b0.jpg | https://cdn.awsli.com.br/1200x1200/1982/1982052/produto/137593375/4aacf023f6.jpg,https://www.plantadelivery.com.br/grama-preta-ou-pelo-de-urso-baixa-caixa-com-15-unidades
Carambola,PD102213,18.31,109.9,Disponível,Planta Delivery,,"Tamanho aproximado: 1,00 m a 1,50 m Indicado para Varanda e Ambiente externo Nome científico Averrhoa carambola Nomes Populares Carambola, caramboleira, camerunga... Floresce No verão. Luminosidade Cultivo em Pleno Sol. Origem Indonésia e Malásia. Tamanho quando adulta Aproximadamente de 5 a 10 metros de altura. Imagem Ilustrativa: A planta segue com vaso simples ou torrão. Instruções Básicas Caro cliente, assim que receber seu produto, retire-o da embalagem e o coloque em seu lugar definitivo de plantio, lembrando sempre que o mesmo deverá ter o dobro do tamanho do torrão da planta para que haja espaço para colocar substrato adicional para um melhor desenvolvimento e não esqueça de ler atentamente as informações de sua planta para um melhor cuidado.",https://cdn.awsli.com.br/1200x1200/1982/1982052/produto/138702073/507d9e7a3f.jpg | https://cdn.awsli.com.br/1200x1200/1982/1982052/produto/138702073/ec9c23fc85.jpg | https://cdn.awsli.com.br/1200x1200/1982/1982052/produto/138702073/adae80b604.jpg,https://www.plantadelivery.com.br/graviola
Graviola,PD102226,21.65,129.9,Disponível,Planta Delivery,,"Tamanho aproximado: 1,00 m a 1,50 m Nome científico Annona muricata L. Nomes Populares Araticum, Araticum-de-Comer, Araticum-Manso, Graviola-do-Norte, Jaca-de-Pobre, Jaca-do-Pará, Jaqueira-Mole, Coração de Rainha, Araticum-do-Grande. Familía Anonaceae. Clima Não suporta clima frio e quer solos profundos, ricos e bem drenados com acidez variando de 5,5 a 6,5. Origem América Central, no entanto cultivada no Brasil. Sendo também encontrada na África e Ásia. Imagem Ilustrativa: A planta segue com vaso simples ou torrão. Instruções Básicas Caro cliente, assim que receber seu produto, retire-o da embalagem e o coloque em seu lugar definitivo de plantio, lembrando sempre que o mesmo deverá ter o dobro do tamanho do torrão da planta para que haja espaço para colocar substrato adicional para um melhor desenvolvimento e não esqueça de ler atentamente as informações de sua planta para um melhor cuidado.",https://cdn.awsli.com.br/1200x1200/1982/1982052/produto/138726994/a79a3bfd48.jpg | https://cdn.awsli.com.br/1200x1200/1982/1982052/produto/138726994/18f5a12eed.jpg | https://cdn.awsli.com.br/1200x1200/1982/1982052/produto/138726994/6e63e1c5b4.jpg,https://www.plantadelivery.com.br/graviola_
Helicônia Bihai,PD122108,99.9,89.9,Disponível,Planta Delivery,,"Tamanho aproximado: 0,80 a 1.20 m A Helicônia bihai, conhecida popularmente por Pássaro-de-fogo, é uma planta tropical por excelência. Nativa da floresta amazônica, ela chama a atenção pelo colorido vibrante das inflorescências e pela folhagem exuberante. Seu caule é rizomatoso, de onde surgem longos pecíolos eretos e invaginantes, que sustentam folhas grandes, elípticas a lanceoladas, alternas, de cor verde e com nervação marcada. Apesar de herbácea seu porte é arbustivo, alcançando de 1,5 a 4 metros de altura. As inflorescências são do tipo espiga, eretas e surgem na primavera e verão. Elas são formadas por brácteas grandes coloridas de vermelho alaranjado, com uma margem verde superior na espécie típica. As flores são pequenas, tubulares, brancas, nectaríferas e atraem beija-flores e morcegos, seus principais polinizadores. Os frutos são drupas, azuladas quando maduras. Há diferentes cultivares desta espécie de helicônia, como a “Chocolate Dancer”, com brácteas cor de chocolate, a “Emerald Forest”, com brácteas verdes, a “Peach Pink”, com brácteas cor pêssego, “Yellow Dancer”, com brácteas amarelas, entre outras. As inflorescências desta helicônia são excelentes para uso como flor-de-corte, pois além de belíssimas, ainda são muito duráveis, resistentes ao manuseio e transporte. A grande variedade de cores permite composições incríveis de arranjos florais.No paisagismo esta helicônia chama a atenção pela exuberante folhagem e flores de cores chamativas. Ela valoriza principalmente jardins de estilo tropical, em canteiros, maciços e bordaduras informais, suavizando construções, cercas e muros. O efeito da planta cercando caminhos amplos também é muito refrescante e acolhedor. Pode ser plantada em vasos largos e conduzida em estufas em locais de clima temperado. Deve ser cultivada sob sol pleno ou meia-sombra, em solo fértil, drenável, enriquecido com matéria orgânica e irrigado regularmente. Aprecia o calor e a umidade tropicais. Suas folhas são sensíveis as geadas",https://cdn.awsli.com.br/1200x1200/1982/1982052/produto/139811912/9455d98319.jpg | https://cdn.awsli.com.br/1200x1200/1982/1982052/produto/139811912/dc470c2209.jpg | https://cdn.awsli.com.br/1200x1200/1982/1982052/produto/139811912/9329a1b667.jpg | https://cdn.awsli.com.br/1200x1200/1982/1982052/produto/139811912/cuidados-heliconia-bihai-qp9cs9ho4f.jpeg | https://cdn.awsli.com.br/1200x1200/1982/1982052/produto/138609734/2ff489840b.jpg | https://cdn.awsli.com.br/1200x1200/1982/1982052/produto/139812660/38f76728b2.jpg | https://cdn.awsli.com.br/1200x1200/1982/1982052/produto/139812458/1d4e1b8c45.jpg,https://www.plantadelivery.com.br/heliconia-bihai-tipo-1
Helicônia Rostrata,PD0922135,89.9,99.9,Disponível,Planta Delivery,,"NOME CIENTÍFICO Heliconia rostrata Ruiz & Pav; NOMES POPULARES Bananeira-do-brejo, caeté. FAMÍLIA Heliconiaceae. CLIMA Equatorial, Subtropical, Tropical. ORIGEM América do Sul, Bolívia, Brasil, Colômbia, Equador, Guiana, Guiana Francesa, Peru, Suriname, Venezuela. Imagem Ilustrativa: A planta segue com vaso simples ou torrão. Instruções Básicas Caro cliente, assim que receber seu produto, retire-o da embalagem e o coloque em seu lugar definitivo de plantio, lembrando sempre que o mesmo deverá ter o dobro do tamanho do torrão da planta para que haja espaço para colocar substrato adicional para um melhor desenvolvimento e não esqueça de ler atentamente as informações de sua planta para um melhor cuidado.",https://cdn.awsli.com.br/1200x1200/1982/1982052/produto/138609734/2ff489840b.jpg | https://cdn.awsli.com.br/1200x1200/1982/1982052/produto/138609734/8be0aecd7c.jpg | https://cdn.awsli.com.br/1200x1200/1982/1982052/produto/139811912/9455d98319.jpg | https://cdn.awsli.com.br/1200x1200/1982/1982052/produto/139812660/38f76728b2.jpg | https://cdn.awsli.com.br/1200x1200/1982/1982052/produto/139812458/1d4e1b8c45.jpg,https://www.plantadelivery.com.br/heliconia-rostrata
Hemigrafis - Caixa com 15 unidades,PD092291,39.9,39.9,Disponível,Planta Delivery,,"NOME CIENTÍFICO Hemigraphis alternata; NOMES POPULARES Hera-roxa, Rubrastilis. FAMÍLIA Acanthaceae. CLIMA Oceânico, Subtropical, Tropical. ORIGEM Ásia, Índia, Indonésia, Java, Malásia. Imagem Ilustrativa: A planta segue com vaso simples ou torrão. Instruções Básicas Caro cliente, assim que receber seu produto, retire-o da embalagem e o coloque em seu lugar definitivo de plantio, lembrando sempre que o mesmo deverá ter o dobro do tamanho do torrão da planta para que haja espaço para colocar substrato adicional para um melhor desenvolvimento e não esqueça de ler atentamente as informações de sua planta para um melhor cuidado.",https://cdn.awsli.com.br/1200x1200/1982/1982052/produto/138527178/b980e8bb8b.jpg | https://cdn.awsli.com.br/1200x1200/1982/1982052/produto/138527178/3458670c38.jpg | https://cdn.awsli.com.br/1200x1200/1982/1982052/produto/138472068/c267e200f4.jpg | https://cdn.awsli.com.br/1200x1200/1982/1982052/produto/174033709/146cc62d69.jpg | https://cdn.awsli.com.br/1200x1200/1982/1982052/produto/138609282/03311cb540.jpg | https://cdn.awsli.com.br/1200x1200/1982/1982052/produto/174064565/55000e72c0.jpg,https://www.plantadelivery.com.br/hemigrafis-caixa-com-15-unidades
Hera Portuguesa,PD0922117,89.9,89.9,Disponível,Planta Delivery,,"NOME CIENTÍFICO Hedera Helix; NOMES POPULARES Hera, Aradeira, Hedra, Hera-dos-muros, Hera-inglesa, Hera-trepadeira, Hera-verdadeira, Heradeira, Hereira, Hera Portuguesa. FAMÍLIA Araliaceae. CLIMA Equatorial, Mediterrâneo, Oceânico, Subtropical, Temperado e Tropical. ORIGEM África, Ásia, Europa, Ilhas Canárias. Imagem Ilustrativa: A planta segue com vaso simples ou torrão. Instruções Básicas Caro cliente, assim que receber seu produto, retire-o da embalagem e o coloque em seu lugar definitivo de plantio, lembrando sempre que o mesmo deverá ter o dobro do tamanho do torrão da planta para que haja espaço para colocar substrato adicional para um melhor desenvolvimento e não esqueça de ler atentamente as informações de sua planta para um melhor cuidado.",https://cdn.awsli.com.br/1200x1200/1982/1982052/produto/138549075/dfb2fd1ca0.jpg | https://cdn.awsli.com.br/1200x1200/1982/1982052/produto/138551424/76d8eeded7.jpg | https://cdn.awsli.com.br/1200x1200/1982/1982052/produto/175368994/da59d7899c.jpg | https://cdn.awsli.com.br/1200x1200/1982/1982052/produto/138503492/c6cc904b24.jpg | https://cdn.awsli.com.br/1200x1200/1982/1982052/produto/138472068/c267e200f4.jpg,https://www.plantadelivery.com.br/hera-portuguesa
Hera Unha de Gato - Caixa com 15 unidades,PD092267,39.9,34.9,Disponível,Planta Delivery,,"NOME CIENTÍFICO Ficus pumila; NOMES POPULARES Unha-de-gato, Herinha. FAMÍLIA Moraceae. CLIMA Equatorial, Subtropical e Tropical. ORIGEM Ásia, China, Japão, Vietnã. Imagem Ilustrativa: A planta segue com vaso simples ou torrão. Instruções Básicas Caro cliente, assim que receber seu produto, retire-o da embalagem e o coloque em seu lugar definitivo de plantio, lembrando sempre que o mesmo deverá ter o dobro do tamanho do torrão da planta para que haja espaço para colocar substrato adicional para um melhor desenvolvimento e não esqueça de ler atentamente as informações de sua planta para um melhor cuidado.",https://cdn.awsli.com.br/1200x1200/1982/1982052/produto/138503492/c6cc904b24.jpg | https://cdn.awsli.com.br/1200x1200/1982/1982052/produto/138503492/ce845f28db.jpg | https://cdn.awsli.com.br/1200x1200/1982/1982052/produto/138472068/c267e200f4.jpg | https://cdn.awsli.com.br/1200x1200/1982/1982052/produto/138549075/dfb2fd1ca0.jpg | https://cdn.awsli.com.br/1200x1200/1982/1982052/produto/138471948/5dda229ef5.jpg | https://cdn.awsli.com.br/1200x1200/1982/1982052/produto/139806253/71ee0adbaa.jpg,https://www.plantadelivery.com.br/hera-unha-de-gato-caixa-com-15-unidades
Hibisco,PD0922190,89.9,89.9,Disponível,Planta Delivery,,"NOME CIENTÍFICO Hibiscus rosa-sinensis L; NOMES POPULARES Mimô-de-Vênus, Hibisco, Hibisco-da-china, Hibisco-tropical e Graxa-de-estudante. FAMÍLIA Fabaceae. CLIMA Subtropical, Tropical, Tropical de altitude, Tropical úmido. ORIGEM Ásia Tropical, Havaí. Imagem Ilustrativa: A planta segue com vaso simples ou torrão. Instruções Básicas Caro cliente, assim que receber seu produto, retire-o da embalagem e o coloque em seu lugar definitivo de plantio, lembrando sempre que o mesmo deverá ter o dobro do tamanho do torrão da planta para que haja espaço para colocar substrato adicional para um melhor desenvolvimento e não esqueça de ler atentamente as informações de sua planta para um melhor cuidado.",https://cdn.awsli.com.br/1200x1200/1982/1982052/produto/138635106/625c06b030.jpg,https://www.plantadelivery.com.br/hibisco
Impatiens - Caixa com 15 unidades,PD092245,99.9,39.9,Disponível,Planta Delivery,,"NOME CIENTÍFICO Impatiens walleriana; NOMES POPULARES Beijo-turco, Balsamina, Beijinho, Ciúmes, Impatiens, Maravilha, Maria-sem-vergonha. FAMÍLIA Balsaminaceae. CLIMA Equatorial, Tropical, Subtropical. ORIGEM África. Imagem Ilustrativa: A planta segue com vaso simples ou torrão. Instruções Básicas Caro cliente, assim que receber seu produto, retire-o da embalagem e o coloque em seu lugar definitivo de plantio, lembrando sempre que o mesmo deverá ter o dobro do tamanho do torrão da planta para que haja espaço para colocar substrato adicional para um melhor desenvolvimento e não esqueça de ler atentamente as informações de sua planta para um melhor cuidado.",https://cdn.awsli.com.br/1200x1200/1982/1982052/produto/138468505/8c4a59d51b.jpg | https://cdn.awsli.com.br/1200x1200/1982/1982052/produto/138547931/e2a145cb91.jpg | https://cdn.awsli.com.br/1200x1200/1982/1982052/produto/174033709/146cc62d69.jpg | https://cdn.awsli.com.br/1200x1200/1982/1982052/produto/138609282/03311cb540.jpg | https://cdn.awsli.com.br/1200x1200/1982/1982052/produto/174064565/55000e72c0.jpg,https://www.plantadelivery.com.br/impatiens-caixa-com-15-unidades
Impatiens na Cuia,PD0922116,99.9,99.9,Disponível,Planta Delivery,,"NOME CIENTÍFICO Impatiens walleriana; NOMES POPULARES Beijo-turco, Balsamina, Beijinho, Ciúmes, Impatiens, Maravilha, Maria-sem-vergonha. FAMÍLIA Balsaminaceae. CLIMA Equatorial, Tropical, Subtropical. ORIGEM África. Imagem Ilustrativa: A planta segue com vaso simples ou torrão. Instruções Básicas Caro cliente, assim que receber seu produto, retire-o da embalagem e o coloque em seu lugar definitivo de plantio, lembrando sempre que o mesmo deverá ter o dobro do tamanho do torrão da planta para que haja espaço para colocar substrato adicional para um melhor desenvolvimento e não esqueça de ler atentamente as informações de sua planta para um melhor cuidado.",https://cdn.awsli.com.br/1200x1200/1982/1982052/produto/138547931/e2a145cb91.jpg | https://cdn.awsli.com.br/1200x1200/1982/1982052/produto/138547931/fb369957f3.jpg | https://cdn.awsli.com.br/1200x1200/1982/1982052/produto/138547931/e3575cfad6.jpg | https://cdn.awsli.com.br/1200x1200/1982/1982052/produto/138547931/e55214e0e4.jpg | https://cdn.awsli.com.br/1200x1200/1982/1982052/produto/138468505/8c4a59d51b.jpg | https://cdn.awsli.com.br/1200x1200/1982/1982052/produto/174989297/c30d94215d.jpg | https://cdn.awsli.com.br/1200x1200/1982/1982052/produto/138550003/ea1adf2c0b.jpg | https://cdn.awsli.com.br/1200x1200/1982/1982052/produto/138613594/d09b158ce5.jpg,https://www.plantadelivery.com.br/impatiens-na-cuia-branca-rosa-salmao-ou-vermelha
Ixora Midi - Caixa com 15 unidades,PD092270,64.9,49.9,Disponível,Planta Delivery,,"NOME CIENTÍFICO Ixora chinensis; NOMES POPULARES Ixora-chinesa, Alfinete-gigante, Ixora-vermelha, Ixória-chinesa. FAMÍLIA Rubiaceae. CLIMA Equatorial, Oceânico, Subtropical, Tropical. ORIGEM Ásia, China, Malásia. Imagem Ilustrativa: A planta segue com vaso simples ou torrão. Instruções Básicas Caro cliente, assim que receber seu produto, retire-o da embalagem e o coloque em seu lugar definitivo de plantio, lembrando sempre que o mesmo deverá ter o dobro do tamanho do torrão da planta para que haja espaço para colocar substrato adicional para um melhor desenvolvimento e não esqueça de ler atentamente as informações de sua planta para um melhor cuidado.",https://cdn.awsli.com.br/1200x1200/1982/1982052/produto/138504801/5d4a75cb7b.jpg | https://cdn.awsli.com.br/1200x1200/1982/1982052/produto/138504801/a36c5741c5.jpg | https://cdn.awsli.com.br/1200x1200/1982/1982052/produto/358012547/23e985a827-097nqtxsbf.jpg | https://cdn.awsli.com.br/1200x1200/1982/1982052/produto/138469729/33f587bb4d.jpg | https://cdn.awsli.com.br/1200x1200/1982/1982052/produto/174033709/146cc62d69.jpg | https://cdn.awsli.com.br/1200x1200/1982/1982052/produto/138609282/03311cb540.jpg,https://www.plantadelivery.com.br/ixora-midi-caixa-com-15-unidades
Jabuticaba,PD102227,28.31,169.9,Disponível,Planta Delivery,,"Tamanho aproximado: 1,00 m a 1,50 m Nome científico Plinia cauliflora. Nomes Populares Jabuticaba, Fruita, Jaboticaba, Jaboticabeira, Jabuticaba-açu, Jabuticaba-do-mato, Jabuticaba-paulista, Jabuticaba-preta, Jabuticaba-sabará, Jabuticabeira. Familía Myrtaceae. Clima Equatorial, Subtropical, Tropical. Origem América do Sul, Brasil. Imagem Ilustrativa: A planta segue com vaso simples ou torrão. Instruções Básicas Caro cliente, assim que receber seu produto, retire-o da embalagem e o coloque em seu lugar definitivo de plantio, lembrando sempre que o mesmo deverá ter o dobro do tamanho do torrão da planta para que haja espaço para colocar substrato adicional para um melhor desenvolvimento e não esqueça de ler atentamente as informações de sua planta para um melhor cuidado.",https://cdn.awsli.com.br/1200x1200/1982/1982052/produto/138727749/698ade6cae.jpg | https://cdn.awsli.com.br/1200x1200/1982/1982052/produto/138727749/9d356fc144.jpg | https://cdn.awsli.com.br/1200x1200/1982/1982052/produto/138727749/b436c3ee61.jpg,https://www.plantadelivery.com.br/jabuticaba
Jambo,PD102224,21.65,129.9,Disponível,Planta Delivery,,"Tamanho aproximado: 1,00 m a 1,50 m Suas cascas são usadas como medicação hipoglicemiante para controle da diabete, pode ser usado também como para o combate de inflamações, flatulências, gota e alergias; cura de cólicas e quadros diarreicos. Isso porque são ricas em substâncias com potencial antioxidante, como flavonoides, taninos, antocianinas e outros constituintes fenólicos. Pesquisas recentes apontam que o extrato das cascas tem capacidade em potencial de destruir células cancerígenas. As espécies de árvores exóticas como o Jambo são muito indicadas para ações de reflorestamento, preservação ambiental, arborização urbana, paisagismos ou plantios domésticos. O reflorestamento, por exemplo, corresponde a implantação de florestas em áreas que já foram degradadas, seja pelo tempo, pelo homem ou pela natureza. Já quando há a finalidade de arborização urbana ou paisagismo, é necessário avaliar o espaço em que a muda será plantada para que não haja problemas com a fiação elétrica ou rachaduras na calçada. Nome científico Syzygium jambos. Nomes Populares Jambo-vermelho, jambo-pera, jambo-do-pará, jambo-roxo, jambo-de-malaca, jambo-da-índia, malay appel, rose-apple, manzana malaca, jambu-mawar, jambu-merah. Familía Myrtaceae. Clima Não suporta geadas e desenvolve-se em qualquer tipo de solo. É cultivado em todo o Brasil, em regiões de clima quente e úmido. Origem Ásia. Imagem Ilustrativa: A planta segue com vaso simples ou torrão. Instruções Básicas Caro cliente, assim que receber seu produto, retire-o da embalagem e o coloque em seu lugar definitivo de plantio, lembrando sempre que o mesmo deverá ter o dobro do tamanho do torrão da planta para que haja espaço para colocar substrato adicional para um melhor desenvolvimento e não esqueça de ler atentamente as informações de sua planta para um melhor cuidado.",https://cdn.awsli.com.br/1200x1200/1982/1982052/produto/138724037/f68b08aedc.jpg | https://cdn.awsli.com.br/1200x1200/1982/1982052/produto/138724037/ecc4ac3f18.jpg,https://www.plantadelivery.com.br/jambo
Jasmim do Cabo,PD0922170,89.9,89.9,Disponível,Planta Delivery,,"NOME CIENTÍFICO Gardenia augusta; NOMES POPULARES Gardenia anã. FAMÍLIA Rubiaceae. CLIMA Mediterrâneo, Subtropical, Temperado, Tropical. ORIGEM Ásia, China. Imagem Ilustrativa: A planta segue com vaso simples ou torrão. Instruções Básicas Caro cliente, assim que receber seu produto, retire-o da embalagem e o coloque em seu lugar definitivo de plantio, lembrando sempre que o mesmo deverá ter o dobro do tamanho do torrão da planta para que haja espaço para colocar substrato adicional para um melhor desenvolvimento e não esqueça de ler atentamente as informações de sua planta para um melhor cuidado.",https://cdn.awsli.com.br/1200x1200/1982/1982052/produto/138624085/a8f7e0b413.jpg | https://cdn.awsli.com.br/1200x1200/1982/1982052/produto/138624085/e1d09bb3f0.jpg | https://cdn.awsli.com.br/1200x1200/1982/1982052/produto/138612616/6f9de4e9a7.jpg | https://cdn.awsli.com.br/1200x1200/1982/1982052/produto/138609952/5bb5757ddf.jpg,https://www.plantadelivery.com.br/jasmim-do-cabo
Jasmim do Caribe,PD0922136,89.9,99.9,Disponível,Planta Delivery,,"NOME CIENTÍFICO Gardenia augusta; NOMES POPULARES Jasmim-do-caribe, Buquê-de-noiva. FAMÍLIA Apocynaceae. CLIMA Oceânico, Subtropical e Tropical. ORIGEM Venezuela e Panamá. Imagem Ilustrativa: A planta segue com vaso simples ou torrão. Instruções Básicas Caro cliente, assim que receber seu produto, retire-o da embalagem e o coloque em seu lugar definitivo de plantio, lembrando sempre que o mesmo deverá ter o dobro do tamanho do torrão da planta para que haja espaço para colocar substrato adicional para um melhor desenvolvimento e não esqueça de ler atentamente as informações de sua planta para um melhor cuidado.",https://cdn.awsli.com.br/1200x1200/1982/1982052/produto/138609952/5bb5757ddf.jpg | https://cdn.awsli.com.br/1200x1200/1982/1982052/produto/138609952/6ce98a9206.jpg | https://cdn.awsli.com.br/1200x1200/1982/1982052/produto/138624085/a8f7e0b413.jpg | https://cdn.awsli.com.br/1200x1200/1982/1982052/produto/138612616/6f9de4e9a7.jpg,https://www.plantadelivery.com.br/jasmim-do-caribe
Jasmim Estrela,PD0922146,89.9,89.9,Disponível,Planta Delivery,,"NOME CIENTÍFICO Jasminum nitidum; NOMES POPULARES Jasmim-estrela, Jasmim-asa-de-anjo. FAMÍLIA Apocynaceae. CLIMA Ameno a quente, Não tolera frio intenso. ORIGEM Ilhas do Pacífico do Sul, Arquipélago de Bismark. Imagem Ilustrativa: A planta segue com vaso simples ou torrão. Instruções Básicas Caro cliente, assim que receber seu produto, retire-o da embalagem e o coloque em seu lugar definitivo de plantio, lembrando sempre que o mesmo deverá ter o dobro do tamanho do torrão da planta para que haja espaço para colocar substrato adicional para um melhor desenvolvimento e não esqueça de ler atentamente as informações de sua planta para um melhor cuidado.",https://cdn.awsli.com.br/1200x1200/1982/1982052/produto/138612616/6f9de4e9a7.jpg | https://cdn.awsli.com.br/1200x1200/1982/1982052/produto/138612616/d8c56e61db.jpg | https://cdn.awsli.com.br/1200x1200/1982/1982052/produto/138624085/a8f7e0b413.jpg | https://cdn.awsli.com.br/1200x1200/1982/1982052/produto/138609952/5bb5757ddf.jpg | https://cdn.awsli.com.br/1200x1200/1982/1982052/produto/138498509/9b9be85394.jpg,https://www.plantadelivery.com.br/jasmim-estrela
Jerivá,PD122107,,,Utilizamos cookies para que você tenha a melhor experiência em nosso site. Para saber mais acesse nossa página de,Planta Delivery,,"Seu estipe é elegante e único, alcançando de 8 a 15 metros de altura e podendo chegar a 60 cm de diâmetro. As folhas são longas, com 2 a 4 metros de comprimento, arqueadas, pendentes, pinadas e com numerosos folíolos. As inflorescências surgem o ano todo, em cacho pendente, grande, ramificado, com pequenas flores de cor amarelo creme. O fruto é do tipo drupa, de cor amarela ou alaranjada, de formato globoso a ovóide, com polpa fibrosa, suculenta e doce. Cada fruto contém uma única semente, como um minúsculo coco, de sabor amendoado. Tanto os frutos, como as sementes dos jerivás são comestíveis. Também produz palmito. No paisagismo, os jerivás podem ser utilizados isolados, em grupos ou renques. Seu ar imponente e majestoso ajuda a criar projetos de jardins sofisticados a um custo não tão elevado, se comparado a outras palmeiras. Da mesma forma, seu jeitão tropical é perfeito para jardins descontraídos à beira-mar ou em sítios. O jerivá também é muito atrativo para a fauna silvestre. As inflorescências são visitadas por abelhas diversas e os frutos são avidamente devorados por maritacas, papagaios, caturritas e esquilos. No seu ambiente natural, atrai também cachorros-do-mato e raposas. Deve ser cultivado sob sol pleno ou meia sombra, em solo fértil, drenável, enriquecido com matéria orgânica e irrigado regularmente. Quando jovem, esta palmeira aprecia o sombreamento parcial. Tolera bem o frio e o calor, adaptando-se a uma ampla variedade climática, no entanto, aprecia a umidade tropical. Resiste muito bem ao transplante, mesmo os indivíduos adultos. Multiplica-se por sementes postas a germinar em recipientes com substrato arenoso, mantido úmido. Semear na primavera e verão, logo após a colheita e despolpa dos frutos quase maduros. A germinação ocorre após 2 a 5 meses. NOME CIENTÍFICO Syagrus romanzoffiana SINONÍMIA Arecastrum romanzoffianum, Cocos romanzoffiana, Cocus plumosa, Cocos acromoides, Cocos arechavaletana, Cocos datil, Cocos martiana NOMES POPULARES Jerivá",https://cdn.awsli.com.br/1200x1200/1982/1982052/produto/135503038/51705791dc.jpg | https://cdn.awsli.com.br/1200x1200/1982/1982052/produto/135503038/329d8be268.jpg | https://cdn.awsli.com.br/1200x1200/1982/1982052/produto/135503038/0e60872f25.jpg,https://www.plantadelivery.com.br/jeriva
Jiboia,PD0922110,59.9,89.9,Disponível,Planta Delivery,,"NOME CIENTÍFICO Epipremnum pinnatum; NOMES POPULARES Jibóia, Era-do-diabo, Jibóia-verde. FAMÍLIA Araceae. CLIMA Equatorial, Oceânico, Subtropical, Tropical. ORIGEM Ilhas Salomão, Oceania;. Imagem Ilustrativa: A planta segue com vaso simples ou torrão. Instruções Básicas Caro cliente, assim que receber seu produto, retire-o da embalagem e o coloque em seu lugar definitivo de plantio, lembrando sempre que o mesmo deverá ter o dobro do tamanho do torrão da planta para que haja espaço para colocar substrato adicional para um melhor desenvolvimento e não esqueça de ler atentamente as informações de sua planta para um melhor cuidado.",https://cdn.awsli.com.br/1200x1200/1982/1982052/produto/138545876/354737c78a.jpg | https://cdn.awsli.com.br/1200x1200/1982/1982052/produto/138545876/46966782a7.jpg | https://cdn.awsli.com.br/1200x1200/1982/1982052/produto/177277001/kokeda-jiboia-0x8spyuihj.png | https://cdn.awsli.com.br/1200x1200/1982/1982052/produto/147263565/77c6db77a8.jpg | https://cdn.awsli.com.br/1200x1200/1982/1982052/produto/138533302/f930d189c6.jpg,https://www.plantadelivery.com.br/jiboia
Jiboia Branca,PD0922110-82ZX2B2AQ,89.9,79.9,Disponível,Planta Delivery,,"Planta herbácea com comportamento pendente ou ascendente, possui folhagem extremamente ornamental, muito conhecida e cultivada em ambientes internos, por crescer com pouca luz e não demandar muitos cuidados. NOME CIENTÍFICO Epipremnum aureum; NOMES POPULARES Jibóia-branca. FAMÍLIA Araceae. CLIMA Equatorial, Oceânico, Subtropical, Tropical. ORIGEM Ilhas Salomão, Oceania;. Imagem Ilustrativa: A planta segue com vaso simples ou torrão. Instruções Básicas Caro cliente, assim que receber seu produto, retire-o da embalagem e o coloque em seu lugar definitivo de plantio, lembrando sempre que o mesmo deverá ter o dobro do tamanho do torrão da planta para que haja espaço para colocar substrato adicional para um melhor desenvolvimento e não esqueça de ler atentamente as informações de sua planta para um melhor cuidado.",https://cdn.awsli.com.br/1200x1200/1982/1982052/produto/147263565/77c6db77a8.jpg | https://cdn.awsli.com.br/1200x1200/1982/1982052/produto/147263565/739448743b.jpg | https://cdn.awsli.com.br/1200x1200/1982/1982052/produto/138545876/354737c78a.jpg | https://cdn.awsli.com.br/1200x1200/1982/1982052/produto/177277001/kokeda-jiboia-0x8spyuihj.png | https://cdn.awsli.com.br/1200x1200/1982/1982052/produto/138533302/f930d189c6.jpg,https://www.plantadelivery.com.br/jiboia-branca
Jiboia Limão,PD092298,59.9,89.9,Disponível,Planta Delivery,,"NOME CIENTÍFICO Epipremnum pinnatum; NOMES POPULARES Jiboia, jiboia limão, jiboia amarela. FAMÍLIA Araceae. CLIMA Equatorial, Oceânico, Subtropical, Tropical. ORIGEM Ilhas Salomão, Oceania;. Imagem Ilustrativa: A planta segue com vaso simples ou torrão. Instruções Básicas Caro cliente, assim que receber seu produto, retire-o da embalagem e o coloque em seu lugar definitivo de plantio, lembrando sempre que o mesmo deverá ter o dobro do tamanho do torrão da planta para que haja espaço para colocar substrato adicional para um melhor desenvolvimento e não esqueça de ler atentamente as informações de sua planta para um melhor cuidado.",https://cdn.awsli.com.br/1200x1200/1982/1982052/produto/138533302/f930d189c6.jpg | https://cdn.awsli.com.br/1200x1200/1982/1982052/produto/138533302/7175befba1.jpg | https://cdn.awsli.com.br/1200x1200/1982/1982052/produto/138545876/354737c78a.jpg | https://cdn.awsli.com.br/1200x1200/1982/1982052/produto/177277001/kokeda-jiboia-0x8spyuihj.png | https://cdn.awsli.com.br/1200x1200/1982/1982052/produto/147263565/77c6db77a8.jpg | https://cdn.awsli.com.br/1200x1200/1982/1982052/produto/139838078/a99269db16.jpg,https://www.plantadelivery.com.br/jiboia-limao
Kalanchoe - Pote 11 - Cores Variadas Caixa 10 unidades,PD0922200-FGMWFZZCS,23.31,139.9,Disponível,Planta Delivery,,"Kalanchoe é um género de plantas suculentas da família Crassulaceae. Sua origem é africana e ela também é conhecida como flor-da-fortuna ou kalandiva. No Brasil, é conhecida também como coerana, eoirama-branca, erva-da-costa, folha-da-fortuna, folha-de-costa, mãe-de-muitos ou saião. NOME CIENTÍFICO Kalanchoe tetraphylla; NOMES POPULARES Orelha-de-elefante. FAMÍLIA Crassulaceae. CLIMA Equatorial, Mediterrâneo, Oceânico, Semi-árido, Subtropical, Tropical; ORIGEM África, África do Sul. Imagem Ilustrativa: A planta segue com vaso simples ou torrão. Instruções Básicas Caro cliente, assim que receber seu produto, retire-o da embalagem e o coloque em seu lugar definitivo de plantio, lembrando sempre que o mesmo deverá ter o dobro do tamanho do torrão da planta para que haja espaço para colocar substrato adicional para um melhor desenvolvimento e não esqueça de ler atentamente as informações de sua planta para um melhor cuidado.",https://cdn.awsli.com.br/1200x1200/1982/1982052/produto/178945262/f6933f41a7.jpg | https://cdn.awsli.com.br/1200x1200/1982/1982052/produto/178945262/f031be78c5.jpg | https://cdn.awsli.com.br/1200x1200/1982/1982052/produto/138636340/5e8f30722e.jpg | https://cdn.awsli.com.br/1200x1200/1982/1982052/produto/138507555/acadaf28cc.jpg | https://cdn.awsli.com.br/1200x1200/1982/1982052/produto/236040552/whatsapp_image_2023-10-03_at_13-39-24-removebg-preview-esdtjv3kbz.png | https://cdn.awsli.com.br/1200x1200/1982/1982052/produto/137314441/b6def6bdf2.jpg,https://www.plantadelivery.com.br/kalanchoe
Kalanchoe - Pote 11 - Cores Variadas,PD0922200,139.9,49.9,Disponível,Planta Delivery,,"Kalanchoe é um género de plantas suculentas da família Crassulaceae. Sua origem é africana e ela também é conhecida como flor-da-fortuna ou kalandiva. No Brasil, é conhecida também como coerana, eoirama-branca, erva-da-costa, folha-da-fortuna, folha-de-costa, mãe-de-muitos ou saião. NOME CIENTÍFICO Kalanchoe tetraphylla; NOMES POPULARES Orelha-de-elefante. FAMÍLIA Crassulaceae. CLIMA Equatorial, Mediterrâneo, Oceânico, Semi-árido, Subtropical, Tropical; ORIGEM África, África do Sul. Imagem Ilustrativa: A planta segue com vaso simples ou torrão. Instruções Básicas Caro cliente, assim que receber seu produto, retire-o da embalagem e o coloque em seu lugar definitivo de plantio, lembrando sempre que o mesmo deverá ter o dobro do tamanho do torrão da planta para que haja espaço para colocar substrato adicional para um melhor desenvolvimento e não esqueça de ler atentamente as informações de sua planta para um melhor cuidado.",https://cdn.awsli.com.br/1200x1200/1982/1982052/produto/138636340/5e8f30722e.jpg | https://cdn.awsli.com.br/1200x1200/1982/1982052/produto/138636340/a15036b1a6.jpg | https://cdn.awsli.com.br/1200x1200/1982/1982052/produto/178945262/f6933f41a7.jpg | https://cdn.awsli.com.br/1200x1200/1982/1982052/produto/138507555/acadaf28cc.jpg | https://cdn.awsli.com.br/1200x1200/1982/1982052/produto/236040552/whatsapp_image_2023-10-03_at_13-39-24-removebg-preview-esdtjv3kbz.png | https://cdn.awsli.com.br/1200x1200/1982/1982052/produto/137314441/b6def6bdf2.jpg,https://www.plantadelivery.com.br/kalanchoe-pote-11
Lambari Roxo - Caixa com 15 unidades,PD092295,44.9,39.9,Disponível,Planta Delivery,,"NOME CIENTÍFICO Tradescantia zebrina; NOMES POPULARES Lambari, Judeu-errante, Trapoeraba-roxa, Trapoeraba-zebra. FAMÍLIA Commelinaceae. CLIMA Mediterrâneo, Subtropical, Temperado; ORIGEM América do Sul, Argentina. Imagem Ilustrativa: A planta segue com vaso simples ou torrão. Instruções Básicas Caro cliente, assim que receber seu produto, retire-o da embalagem e o coloque em seu lugar definitivo de plantio, lembrando sempre que o mesmo deverá ter o dobro do tamanho do torrão da planta para que haja espaço para colocar substrato adicional para um melhor desenvolvimento e não esqueça de ler atentamente as informações de sua planta para um melhor cuidado.",https://cdn.awsli.com.br/1200x1200/1982/1982052/produto/138528165/8f00cbe122.jpg | https://cdn.awsli.com.br/1200x1200/1982/1982052/produto/238694666/alface-crespa-roxa-zu8vv62pax.png | https://cdn.awsli.com.br/1200x1200/1982/1982052/produto/138472068/c267e200f4.jpg | https://cdn.awsli.com.br/1200x1200/1982/1982052/produto/138436066/31540ef9a0.jpg | https://cdn.awsli.com.br/1200x1200/1982/1982052/produto/138500352/a6bcb7cfcd.jpg,https://www.plantadelivery.com.br/lambari-roxo-caixa-com-15-unidades
Lança de São Jorge,PD202205,24.98,149.9,Disponível,Planta Delivery,,"NOME CIENTÍFICO Sansevieria cylindrica NOMES POPULARES Lança-de-são-jorge, Lança, Espada. FAMÍLIA Asparagaceae CLIMA Continental, Equatorial, Mediterrâneo, Oceânico, Semi-árido, Subtropical, Temperado, Tropical. ORIGEM África, Angola. Imagem Ilustrativa: A planta segue com vaso simples ou torrão. Instruções Básicas Caro cliente, assim que receber seu produto, retire-o da embalagem e o coloque em seu lugar definitivo de plantio, lembrando sempre que o mesmo deverá ter o dobro do tamanho do torrão da planta para que haja espaço para colocar substrato adicional para um melhor desenvolvimento e não esqueça de ler atentamente as informações de sua planta para um melhor cuidado.",https://cdn.awsli.com.br/1200x1200/1982/1982052/produto/140322206/377ba5b176.jpg | https://cdn.awsli.com.br/1200x1200/1982/1982052/produto/140322206/32ed4b9c17.jpg | https://cdn.awsli.com.br/1200x1200/1982/1982052/produto/140318035/f21b84e2c7.jpg | https://cdn.awsli.com.br/1200x1200/1982/1982052/produto/177274543/f541cb7e1b.jpg | https://cdn.awsli.com.br/1200x1200/1982/1982052/produto/140320870/8a86e3a4f4.jpg | https://cdn.awsli.com.br/1200x1200/1982/1982052/produto/177277386/de67c7f7e6.jpg,https://www.plantadelivery.com.br/lanca-de-sao-jorge
Lantana,PD0922109,39.9,89.9,Disponível,Planta Delivery,,"NOME CIENTÍFICO Lantana câmara; NOMES POPULARES Cambará, Bandeira-espanhola, Camará, Camaradinha, Cambará-de-cheiro, Cambará-miúdo, Cambará-verdadeiro, Cambarazinho, Chumbinho, Lantana, Lantana-cambará, Verbena-arbustiva. FAMÍLIA Verbenaceae. CLIMA Equatorial, Subtropical, Tropical; ORIGEM América Central, América do Sul. Imagem Ilustrativa: A planta segue com vaso simples ou torrão. Instruções Básicas Caro cliente, assim que receber seu produto, retire-o da embalagem e o coloque em seu lugar definitivo de plantio, lembrando sempre que o mesmo deverá ter o dobro do tamanho do torrão da planta para que haja espaço para colocar substrato adicional para um melhor desenvolvimento e não esqueça de ler atentamente as informações de sua planta para um melhor cuidado.",https://cdn.awsli.com.br/1200x1200/1982/1982052/produto/138541794/d98e0cb18f.jpg | https://cdn.awsli.com.br/1200x1200/1982/1982052/produto/138526710/ef7abf6632.jpg | https://cdn.awsli.com.br/1200x1200/1982/1982052/produto/138526052/dea76ffcbd.jpg,https://www.plantadelivery.com.br/lantana
Lantana Amarela - Caixa com 15 unidades,PD092290,89.9,39.9,Disponível,Planta Delivery,,"NOME CIENTÍFICO Lantana câmara; NOMES POPULARES Cambará, Bandeira-espanhola, Camará, Camaradinha, Cambará-de-cheiro, Cambará-miúdo, Cambará-verdadeiro, Cambarazinho, Chumbinho, Lantana, Lantana-cambará, Verbena-arbustiva. FAMÍLIA Verbenaceae. CLIMA Equatorial, Subtropical, Tropical; ORIGEM América Central, América do Sul. Imagem Ilustrativa: A planta segue com vaso simples ou torrão. Instruções Básicas Caro cliente, assim que receber seu produto, retire-o da embalagem e o coloque em seu lugar definitivo de plantio, lembrando sempre que o mesmo deverá ter o dobro do tamanho do torrão da planta para que haja espaço para colocar substrato adicional para um melhor desenvolvimento e não esqueça de ler atentamente as informações de sua planta para um melhor cuidado.",https://cdn.awsli.com.br/1200x1200/1982/1982052/produto/138526710/ef7abf6632.jpg | https://cdn.awsli.com.br/1200x1200/1982/1982052/produto/138526710/c1bfcbaf9a.jpg | https://cdn.awsli.com.br/1200x1200/1982/1982052/produto/138541794/d98e0cb18f.jpg | https://cdn.awsli.com.br/1200x1200/1982/1982052/produto/138526052/dea76ffcbd.jpg | https://cdn.awsli.com.br/1200x1200/1982/1982052/produto/174033709/146cc62d69.jpg | https://cdn.awsli.com.br/1200x1200/1982/1982052/produto/138609282/03311cb540.jpg,https://www.plantadelivery.com.br/lantana-amarela-caixa-com-15-unidades
Lantana Camara - Caixa com 15 unidades,PD092288,89.9,39.9,Disponível,Planta Delivery,,"NOME CIENTÍFICO Lantana câmara; NOMES POPULARES Cambará, Bandeira-espanhola, Camará, Camaradinha, Cambará-de-cheiro, Cambará-miúdo, Cambará-verdadeiro, Cambarazinho, Chumbinho, Lantana, Lantana-cambará, Verbena-arbustiva. FAMÍLIA Verbenaceae. CLIMA Equatorial, Subtropical, Tropical; ORIGEM América Central, América do Sul. Imagem Ilustrativa: A planta segue com vaso simples ou torrão. Instruções Básicas Caro cliente, assim que receber seu produto, retire-o da embalagem e o coloque em seu lugar definitivo de plantio, lembrando sempre que o mesmo deverá ter o dobro do tamanho do torrão da planta para que haja espaço para colocar substrato adicional para um melhor desenvolvimento e não esqueça de ler atentamente as informações de sua planta para um melhor cuidado.",https://cdn.awsli.com.br/1200x1200/1982/1982052/produto/138526052/dea76ffcbd.jpg | https://cdn.awsli.com.br/1200x1200/1982/1982052/produto/138526052/330bf2453a.jpg | https://cdn.awsli.com.br/1200x1200/1982/1982052/produto/138541794/d98e0cb18f.jpg | https://cdn.awsli.com.br/1200x1200/1982/1982052/produto/138526710/ef7abf6632.jpg | https://cdn.awsli.com.br/1200x1200/1982/1982052/produto/138470566/9032ca221e.jpg | https://cdn.awsli.com.br/1200x1200/1982/1982052/produto/138615367/3ac83999c3.jpg,https://www.plantadelivery.com.br/lantana-camara-caixa-com-15-unidades
Laranja Bahia,PD102202,21.65,129.9,Disponível,Planta Delivery,,"Tamanho aproximado: 1,00 m a 1,50 m Nome científico Citrus Sinensis. Nomes Populares Laranja-de-umbigo. Familía Rutaceae. Clima Tropical. Origem Ásia. Imagem Ilustrativa: A planta segue com vaso simples ou torrão. Instruções Básicas Caro cliente, assim que receber seu produto, retire-o da embalagem e o coloque em seu lugar definitivo de plantio, lembrando sempre que o mesmo deverá ter o dobro do tamanho do torrão da planta para que haja espaço para colocar substrato adicional para um melhor desenvolvimento e não esqueça de ler atentamente as informações de sua planta para um melhor cuidado.",https://cdn.awsli.com.br/1200x1200/1982/1982052/produto/138694531/379b1d3131.jpg | https://cdn.awsli.com.br/1200x1200/1982/1982052/produto/138694531/f0cb992789.jpg | https://cdn.awsli.com.br/1200x1200/1982/1982052/produto/137707162/cc07c84b06.jpg | https://cdn.awsli.com.br/1200x1200/1982/1982052/produto/138694940/0f42dffd7f.jpg | https://cdn.awsli.com.br/1200x1200/1982/1982052/produto/138694767/3da88af343.jpg | https://cdn.awsli.com.br/1200x1200/1982/1982052/produto/138694090/7dfeced850.jpg,https://www.plantadelivery.com.br/laranja-bahia
Laranja Lima,PD102201,21.65,129.9,Disponível,Planta Delivery,,"Tamanho aproximado: 1,00 m a 1,50 m NOME CIENTÍFICO Citrus aurantifolia NOMES POPULARES Laranja Lima Família Rutaceae. Clima Sua frutificação se dá no inverno. Origem Sudeste asiático. Imagem Ilustrativa: A planta segue com vaso simples ou torrão. Instruções Básicas Caro cliente, assim que receber seu produto, retire-o da embalagem e o coloque em seu lugar definitivo de plantio, lembrando sempre que o mesmo deverá ter o dobro do tamanho do torrão da planta para que haja espaço para colocar substrato adicional para um melhor desenvolvimento e não esqueça de ler atentamente as informações de sua planta para um melhor cuidado.",https://cdn.awsli.com.br/1200x1200/1982/1982052/produto/138694090/7dfeced850.jpg | https://cdn.awsli.com.br/1200x1200/1982/1982052/produto/138694090/6b67b9e514.jpg | https://cdn.awsli.com.br/1200x1200/1982/1982052/produto/138694940/0f42dffd7f.jpg | https://cdn.awsli.com.br/1200x1200/1982/1982052/produto/138694767/3da88af343.jpg | https://cdn.awsli.com.br/1200x1200/1982/1982052/produto/138694531/379b1d3131.jpg,https://www.plantadelivery.com.br/laranja-lima
Laranja Pêra,PD102204,21.65,129.9,Disponível,Planta Delivery,,"Tamanho aproximado: 1,00 m a 1,50 m NOME CIENTÍFICO Citrus Sinensis NOMES POPULARES Laranja Pêra, Pêra Rio, Pêra Coroa, Pêra Família Rutaceae. Clima Sua frutificação se dá no inverno. Origem Apesar de considerada como uma fruta brasileira há indícios de que possa ter sido originada de variedades vindas de outros países. Imagem Ilustrativa: A planta segue com vaso simples ou torrão. Instruções Básicas Caro cliente, assim que receber seu produto, retire-o da embalagem e o coloque em seu lugar definitivo de plantio, lembrando sempre que o mesmo deverá ter o dobro do tamanho do torrão da planta para que haja espaço para colocar substrato adicional para um melhor desenvolvimento e não esqueça de ler atentamente as informações de sua planta para um melhor cuidado.",https://cdn.awsli.com.br/1200x1200/1982/1982052/produto/138694940/0f42dffd7f.jpg | https://cdn.awsli.com.br/1200x1200/1982/1982052/produto/138694940/88cbacb900.jpg | https://cdn.awsli.com.br/1200x1200/1982/1982052/produto/138720780/f4da20f094.jpg | https://cdn.awsli.com.br/1200x1200/1982/1982052/produto/138694767/3da88af343.jpg | https://cdn.awsli.com.br/1200x1200/1982/1982052/produto/138694531/379b1d3131.jpg | https://cdn.awsli.com.br/1200x1200/1982/1982052/produto/138694090/7dfeced850.jpg,https://www.plantadelivery.com.br/laranja-pera
Laranja Seleta,PD102203,21.65,129.9,Disponível,Planta Delivery,,"Tamanho aproximado: 1,00 m a 1,50 m NOME CIENTÍFICO Citrus Sinensis NOMES POPULARES Laranja Seleta, Laranja-da-terra, Laranja-de-sangue Família Rutaceae. Clima Se desenvolve melhor em regiões de clima tropical, semitropical ou temperado. Origem Sul da China. Imagem Ilustrativa: A planta segue com vaso simples ou torrão. Instruções Básicas Caro cliente, assim que receber seu produto, retire-o da embalagem e o coloque em seu lugar definitivo de plantio, lembrando sempre que o mesmo deverá ter o dobro do tamanho do torrão da planta para que haja espaço para colocar substrato adicional para um melhor desenvolvimento e não esqueça de ler atentamente as informações de sua planta para um melhor cuidado.",https://cdn.awsli.com.br/1200x1200/1982/1982052/produto/138694767/3da88af343.jpg | https://cdn.awsli.com.br/1200x1200/1982/1982052/produto/138694767/401a43d5a5.jpg | https://cdn.awsli.com.br/1200x1200/1982/1982052/produto/138694940/0f42dffd7f.jpg | https://cdn.awsli.com.br/1200x1200/1982/1982052/produto/138694531/379b1d3131.jpg | https://cdn.awsli.com.br/1200x1200/1982/1982052/produto/138694090/7dfeced850.jpg,https://www.plantadelivery.com.br/laranja-seleta
Lavanda,PD092248,39.9,39.9,Disponível,Planta Delivery,,"NOME CIENTÍFICO Lavandula sp; NOMES POPULARES Lavanda, Alfazema. FAMÍLIA Lamiaceae. CLIMA Mediterrâneo, Oceânico, Subtropical, Temperado; ORIGEM África, Ásia, Europa, Índia, Mediterrâneo. Imagem Ilustrativa: A planta segue com vaso simples ou torrão. Instruções Básicas Caro cliente, assim que receber seu produto, retire-o da embalagem e o coloque em seu lugar definitivo de plantio, lembrando sempre que o mesmo deverá ter o dobro do tamanho do torrão da planta para que haja espaço para colocar substrato adicional para um melhor desenvolvimento e não esqueça de ler atentamente as informações de sua planta para um melhor cuidado.",https://cdn.awsli.com.br/1200x1200/1982/1982052/produto/138469239/lavanda-3pzqkneutz.png | https://cdn.awsli.com.br/1200x1200/1982/1982052/produto/138469239/lavandula-dentata-10-5yjwvef35j.jpg | https://cdn.awsli.com.br/1200x1200/1982/1982052/produto/138469239/cuidados-lavanda-1n54jyc9g4.jpeg,https://www.plantadelivery.com.br/lavanda
Léia Rubra,PD0922168,89.9,109.9,Disponível,Planta Delivery,,"NOME CIENTÍFICO Leea rubra; NOMES POPULARES Léia-rubra, Léia-vermelha. FAMÍLIA Vitaceae. CLIMA Equatorial, Tropical; ORIGEM Ásia, Birmânia, Índia, Malásia. Imagem Ilustrativa: A planta segue com vaso simples ou torrão. Instruções Básicas Caro cliente, assim que receber seu produto, retire-o da embalagem e o coloque em seu lugar definitivo de plantio, lembrando sempre que o mesmo deverá ter o dobro do tamanho do torrão da planta para que haja espaço para colocar substrato adicional para um melhor desenvolvimento e não esqueça de ler atentamente as informações de sua planta para um melhor cuidado.",https://cdn.awsli.com.br/1200x1200/1982/1982052/produto/138623758/570bf9c04d.jpg | https://cdn.awsli.com.br/1200x1200/1982/1982052/produto/138623758/e384df253c.jpg | https://cdn.awsli.com.br/1200x1200/1982/1982052/produto/138507106/c8a4213823.jpg | https://cdn.awsli.com.br/1200x1200/1982/1982052/produto/138634156/d3290cfe46.jpg,https://www.plantadelivery.com.br/leia-rubra
Léia Verde,PD0922189,109.9,89.9,Disponível,Planta Delivery,,"NOME CIENTÍFICO Leea coccinea; NOMES POPULARES Léia, Léia-Verde, Léia-Alaranjada. FAMÍLIA Vitaceae. CLIMA Tropical, Subtropical, Equatorial; ORIGEM Burma, Camboja. Imagem Ilustrativa: A planta segue com vaso simples ou torrão. Instruções Básicas Caro cliente, assim que receber seu produto, retire-o da embalagem e o coloque em seu lugar definitivo de plantio, lembrando sempre que o mesmo deverá ter o dobro do tamanho do torrão da planta para que haja espaço para colocar substrato adicional para um melhor desenvolvimento e não esqueça de ler atentamente as informações de sua planta para um melhor cuidado.",https://cdn.awsli.com.br/1200x1200/1982/1982052/produto/138634156/d3290cfe46.jpg | https://cdn.awsli.com.br/1200x1200/1982/1982052/produto/138634156/70b2176243.jpg | https://cdn.awsli.com.br/1200x1200/1982/1982052/produto/138623758/570bf9c04d.jpg,https://www.plantadelivery.com.br/leia-verde
Licuala,PD122116,21.65,129.9,Disponível,Planta Delivery,,"Tamanho aproximado: 0,80 a 1,20 m A licuala-redonda é uma palmeira monóica e ornamental, de estipe único e curto e crescimento bastante lento. Ela se caracteriza por ter até 15 folhas enormes, plissadas, brilhantes e que podem ser palmadas, na forma “peltata“, e inteiras e redondas na “sumawongii“. Cada folha é sustentada por um forte pecíolo, de margens espinhentas e à medida que as folhas caem, parte dos pecíolos antigos permanece no caule, recobrindo-o e dando um aspecto fibroso. As inflorescências surgem dentre a folhagem e são do tipo espiga, arqueadas, subdividindo-se a partir de uma raquis central, em muitas espiguetas. Cada espigueta carrega numerosas flores esverdeadas e hermafroditas, que são muito atrativas para as abelhas por serem perfumadas e ricas em néctar. Os frutos que se seguem são drupas globulares, de cor laranja quando maduros, e carregam cada um uma única semente. Esta palmeira de leque é ideal para cultivar em ambientes internos, em vasos amplos e perfeitamente drenáveis. Ela no entanto, precisa de umidade suplementar em ambientes secos, e ficará feia, com as pontas queimadas, em locais com ar condicionado permanentemente ligado. Também prescinde de grandes espaços, tanto para se desenvolver, como para ficar proporcional ao ambiente. Ideal para grandes salas, saguões, jardins de inverno, pátios, estufas e halls de entrada, como em shoppings, grandes escritórios e residências. No jardim, ela se adapta muito bem em locais sombreados por outras árvores, de maior porte, onde pode ser uma forração interessante, adicionando uma beleza tropical e escultural onde quer que seja utilizada, isolada ou em pequenos grupos. Suas folhas exuberantes criam invariavelmente foco de atenção no jardim. Deve ser cultivada sob luz filtrada ou meia sombra, em substrato preferencialmente arenoso, enriquecido com matéria orgânica, drenável e irrigado regularmente. Aprecia o calor e a umidade tropicais, mas é uma das poucas palmeiras de leque que suporta temperaturas m",https://cdn.awsli.com.br/1200x1200/1982/1982052/produto/140610499/97c1a7fabd.jpg | https://cdn.awsli.com.br/1200x1200/1982/1982052/produto/140610499/91043be8cf.jpg,https://www.plantadelivery.com.br/licuala
Ligustro,PD0922147,89.9,89.9,Disponível,Planta Delivery,,"NOME CIENTÍFICO Ligustrum sinense; NOMES POPULARES Ligustro-arbustivo, Alfeneiro-da-china, Ligustrinho, Ligustro, Ligustro-chinês;. FAMÍLIA Oleaceae. CLIMA Mediterrâneo, Oceânico, Subtropical, Temperado, Tropical; ORIGEM Ásia, China, Coréia do Norte, Coréia do Sul; Imagem Ilustrativa: A planta segue com vaso simples ou torrão. Instruções Básicas Caro cliente, assim que receber seu produto, retire-o da embalagem e o coloque em seu lugar definitivo de plantio, lembrando sempre que o mesmo deverá ter o dobro do tamanho do torrão da planta para que haja espaço para colocar substrato adicional para um melhor desenvolvimento e não esqueça de ler atentamente as informações de sua planta para um melhor cuidado.",https://cdn.awsli.com.br/1200x1200/1982/1982052/produto/138612786/fe316d869e.jpg,https://www.plantadelivery.com.br/ligustro
Limão Siciliano,PD102206,21.65,129.9,Disponível,Planta Delivery,,"Tamanho aproximado: 1,00 m a 1,50 m NOME CIENTÍFICO Citrus limon NOMES POPULARES Limoeiro, limão-eureka, limão-gênova, limão-feminello, limão-monochelo, limão-lisboa, limão-verde, limão-verdadeiro Família Rutaceae. Clima Adapta-se em climas tropicais entre 23 e 32 graus.. Origem Sul da Índia e China. Imagem Ilustrativa: A planta segue com vaso simples ou torrão. Instruções Básicas Caro cliente, assim que receber seu produto, retire-o da embalagem e o coloque em seu lugar definitivo de plantio, lembrando sempre que o mesmo deverá ter o dobro do tamanho do torrão da planta para que haja espaço para colocar substrato adicional para um melhor desenvolvimento e não esqueça de ler atentamente as informações de sua planta para um melhor cuidado.",https://cdn.awsli.com.br/1200x1200/1982/1982052/produto/138695536/7fcf1a1268.jpg | https://cdn.awsli.com.br/1200x1200/1982/1982052/produto/138695536/6ccde3cabf.jpg | https://cdn.awsli.com.br/1200x1200/1982/1982052/produto/139838078/a99269db16.jpg | https://cdn.awsli.com.br/1200x1200/1982/1982052/produto/138695240/fc3414e5e5.jpg | https://cdn.awsli.com.br/1200x1200/1982/1982052/produto/138533302/f930d189c6.jpg,https://www.plantadelivery.com.br/limao-siciliano
Limão Taiti,PD102205,21.65,129.9,Disponível,Planta Delivery,,"Tamanho aproximado: 1,00 m a 1,50 m NOME CIENTÍFICO Citrus latifolia NOMES POPULARES limão-taiti, limão, limoeiro, lima-ácida, lime. Família Rutaceae. Clima Adapta-se em climas tropicais entre 23 e 32 graus.. Origem Sul da Índia e China. Imagem Ilustrativa: A planta segue com vaso simples ou torrão. Instruções Básicas Caro cliente, assim que receber seu produto, retire-o da embalagem e o coloque em seu lugar definitivo de plantio, lembrando sempre que o mesmo deverá ter o dobro do tamanho do torrão da planta para que haja espaço para colocar substrato adicional para um melhor desenvolvimento e não esqueça de ler atentamente as informações de sua planta para um melhor cuidado.",https://cdn.awsli.com.br/1200x1200/1982/1982052/produto/138695240/fc3414e5e5.jpg | https://cdn.awsli.com.br/1200x1200/1982/1982052/produto/138695240/631f7a0ace.jpg | https://cdn.awsli.com.br/1200x1200/1982/1982052/produto/139838078/a99269db16.jpg | https://cdn.awsli.com.br/1200x1200/1982/1982052/produto/138695536/7fcf1a1268.jpg | https://cdn.awsli.com.br/1200x1200/1982/1982052/produto/138533302/f930d189c6.jpg,https://www.plantadelivery.com.br/limao-taiti
Lírio da Paz - Pote 15,PD092271,109.9,49.9,Disponível,Planta Delivery,,"NOME CIENTÍFICO Spathiphyllum wallisii NOMES POPULARES Lírio-da-paz, Bandeira-branca, Espatifilo; FAMÍLIA Araceae; CLIMA Equatorial, Subtropical, Tropical; ORIGEM América do Sul, Colômbia, Venezuela; Imagem Ilustrativa: A planta segue com vaso simples ou torrão. Instruções Básicas Caro cliente, assim que receber seu produto, retire-o da embalagem e o coloque em seu lugar definitivo de plantio, lembrando sempre que o mesmo deverá ter o dobro do tamanho do torrão da planta para que haja espaço para colocar substrato adicional para um melhor desenvolvimento e não esqueça de ler atentamente as informações de sua planta para um melhor cuidado.",https://cdn.awsli.com.br/1200x1200/1982/1982052/produto/138505471/d76a255067.jpg | https://cdn.awsli.com.br/1200x1200/1982/1982052/produto/138505471/60ae080311.jpg | https://cdn.awsli.com.br/1200x1200/1982/1982052/produto/177261932/d224050d05.jpg | https://cdn.awsli.com.br/1200x1200/1982/1982052/produto/174033709/146cc62d69.jpg | https://cdn.awsli.com.br/1200x1200/1982/1982052/produto/138609282/03311cb540.jpg | https://cdn.awsli.com.br/1200x1200/1982/1982052/produto/174064565/55000e72c0.jpg,https://www.plantadelivery.com.br/lirio-da-paz-pote-17
Liriope Variegata - Caixa com 12 unidades,PD092265,59.9,59.9,Disponível,Planta Delivery,,"NOME CIENTÍFICO Liriope spicata; NOMES POPULARES Liríope, Barba de Serpente; FAMÍLIA Asparagaceaee; CLIMA Continental, Mediterrâneo, Oceânico, Subtropical, Temperado, Tropical;; ORIGEM Ásia, China, Vietnã; Imagem Ilustrativa: A planta segue com vaso simples ou torrão. Instruções Básicas Caro cliente, assim que receber seu produto, retire-o da embalagem e o coloque em seu lugar definitivo de plantio, lembrando sempre que o mesmo deverá ter o dobro do tamanho do torrão da planta para que haja espaço para colocar substrato adicional para um melhor desenvolvimento e não esqueça de ler atentamente as informações de sua planta para um melhor cuidado.",https://cdn.awsli.com.br/1200x1200/1982/1982052/produto/138502678/997617bab8.jpg | https://cdn.awsli.com.br/1200x1200/1982/1982052/produto/138503045/f89f5f96b3.jpg | https://cdn.awsli.com.br/1200x1200/1982/1982052/produto/138537441/4c2e717b7c.jpg | https://cdn.awsli.com.br/1200x1200/1982/1982052/produto/138636499/13cf531267.jpg | https://cdn.awsli.com.br/1200x1200/1982/1982052/produto/138611281/14e7284859.jpg,https://www.plantadelivery.com.br/liriope-variegata-caixa-com-12-unidades
Liriope Verde - Caixa com 12 unidades,PD092266,59.9,59.9,Disponível,Planta Delivery,,"NOME CIENTÍFICO Liriope spicata; NOMES POPULARES Liríope, Barba de Serpente; FAMÍLIA Asparagaceaee; CLIMA Continental, Mediterrâneo, Oceânico, Subtropical, Temperado, Tropical;; ORIGEM Ásia, China, Vietnã; Imagem Ilustrativa: A planta segue com vaso simples ou torrão. Instruções Básicas Caro cliente, assim que receber seu produto, retire-o da embalagem e o coloque em seu lugar definitivo de plantio, lembrando sempre que o mesmo deverá ter o dobro do tamanho do torrão da planta para que haja espaço para colocar substrato adicional para um melhor desenvolvimento e não esqueça de ler atentamente as informações de sua planta para um melhor cuidado.",https://cdn.awsli.com.br/1200x1200/1982/1982052/produto/138503045/f89f5f96b3.jpg | https://cdn.awsli.com.br/1200x1200/1982/1982052/produto/138502678/997617bab8.jpg,https://www.plantadelivery.com.br/liriope-verde-caixa-com-12-unidades
Maçã Eva,PD102218,21.65,129.9,Disponível,Planta Delivery,,"NOME CIENTÍFICO Malus domestica Borkh NOMES POPULARES Maçã. Família Rosaceae. Clima Adapta-se em climas tropicais entre 23 e 32 graus.. Origem Oriente Médio e Leste Asiático. Imagem Ilustrativa: A planta segue com vaso simples ou torrão. Instruções Básicas Caro cliente, assim que receber seu produto, retire-o da embalagem e o coloque em seu lugar definitivo de plantio, lembrando sempre que o mesmo deverá ter o dobro do tamanho do torrão da planta para que haja espaço para colocar substrato adicional para um melhor desenvolvimento e não esqueça de ler atentamente as informações de sua planta para um melhor cuidado.",https://cdn.awsli.com.br/1200x1200/1982/1982052/produto/138721251/027628be15.jpg | https://cdn.awsli.com.br/1200x1200/1982/1982052/produto/138721251/a9daefb576.jpg | https://cdn.awsli.com.br/1200x1200/1982/1982052/produto/138721251/8fe2599023.jpg,https://www.plantadelivery.com.br/maca
Maranta Charuto,PD240146,33.31,199.9,Disponível,,,"A Maranta Charuto é uma planta encantadora, com folhas deslumbrantes e uma resistência notável. No entanto, é necessário fornecer cuidados específicos para garantir seu bem-estar. Evite exposição direta ao sol, pois suas folhas podem queimar. A planta prospera em ambientes úmidos que replicam seu habitat natural, exigindo muita claridade. Recomenda-se a exposição à luz solar nas primeiras horas da manhã. TAMANHO DA MUDA 0,90 a 1,20 metros; NOME POPULAR Maranta charuto; NOME CIENTÍFICO Calathea Lutea; FAMÍLIA Marantaceae; ORIGEM América Tropical; Imagem Ilustrativa: A planta segue com vaso simples ou torrão. Instruções Básicas: Caro cliente, assim que receber seu produto, retire-o da embalagem e o coloque em seu lugar definitivo de plantio, lembrando sempre que o mesmo deverá ter o dobro do tamanho do torrão da planta para que haja espaço para colocar substrato adicional para um melhor desenvolvimento e não esqueça de ler atentamente as informações de sua planta para um melhor cuidado.",https://cdn.awsli.com.br/1200x1200/1982/1982052/produto/251731551/maranta-charuto-piix219eaa.jpg | https://cdn.awsli.com.br/1200x1200/1982/1982052/produto/251731551/maranta-charuto-3-1c4ffv3f16.jpg | https://cdn.awsli.com.br/1200x1200/1982/1982052/produto/251731551/maranta-charuto-2-5ddq3phblc.jpg | https://cdn.awsli.com.br/1200x1200/1982/1982052/produto/139836609/70286c6b6c.jpg | https://cdn.awsli.com.br/1200x1200/1982/1982052/produto/138525806/4a77adfd81.jpg | https://cdn.awsli.com.br/1200x1200/1982/1982052/produto/138525352/68284e8631.jpg,https://www.plantadelivery.com.br/maranta-charuto
Maranta-Cinza / Tenante,PD122127,199.9,59.9,Disponível,Planta Delivery,,"Tamanho aproximado: 0,80 a 1,20 m A maranta-cinza é uma folhagem ornamental, herbácea e rizomatosa, com altura entre 30 a 60 centímetros. Suas folhas são elípticas, alongadas e sustentadas por longos pecíolos pilosos que despontam diretamente do rizoma. Elas tem textura coriácea e fundo de cor verde-prateada, marcado com um singular padrão de espinha de peixe, em faixas verde-escuras, que colorem as margens também. A página inferior das folhas é arroxeado de maneira uniforme. As inflorescências surgem no outono e não tem importância decorativa. Elas são do tipo espiga, com brácteas protegendo as flores pequenas, de cor branco-creme. A maranta-cinza é ideal para forrar bosques e outras áreas semi-sombreadas no jardim, formando maciços de textura e colorido interessantes, valorizando assim o paisagismo. A combinação com maciços de outras marantáceas, ou qualquer outra espécie de forração para sombras, como a grama-japonesa, acrescenta vivacidade a espaços pouco iluminados, onde as flores são mais difíceis de cultivar. A maranta-cinza é uma planta que se encaixa perfeitamente em jardins contemporâneos e tropicais e acompanha a vanguarda de jardins de baixa manutenção. Também pode ser plantada em vasos, adornando interiores, varandas e pátios protegidos do sol. Deve ser cultivada sob meia-sombra ou sombra clara, em solo rico em matéria orgânica, drenável e mantido úmido. Esta maranta, aprecia o calor e a umidade, mas é intolerante a encharcamentos por períodos prolongados. O sol pleno provoca enrolamento das folhas e queimaduras nesta espécie. É muito rústica e capaz de tolerar o frio da região sul do Brasil. Não necessita podas ou outras manutenções. Multiplica-se pela divisão das touceiras, em qualquer época do ano, com exceção do inverno, mantendo cada nova muda com folhas e raízes. NOME CIENTÍFICO Ctenanthe setosa NOMES POPULARES Maranta-cinza, Tenante FAMÍLIA Marantaceae CLIMA Equatorial, Subtropical e Tropical ORIGEM América do Sul, Brasil ALTURA Pode chegar a 1 m",https://cdn.awsli.com.br/1200x1200/1982/1982052/produto/139836609/70286c6b6c.jpg | https://cdn.awsli.com.br/1200x1200/1982/1982052/produto/139836609/281644c970.jpg | https://cdn.awsli.com.br/1200x1200/1982/1982052/produto/251731551/maranta-charuto-piix219eaa.jpg | https://cdn.awsli.com.br/1200x1200/1982/1982052/produto/138525806/4a77adfd81.jpg | https://cdn.awsli.com.br/1200x1200/1982/1982052/produto/138525352/68284e8631.jpg,https://www.plantadelivery.com.br/maranta-cinza-tenante
Maranta Pavão - Pote 15,PD092287,89.9,89.9,Disponível,Planta Delivery,,"NOME CIENTÍFICO Maranta Leuconeura NOMES POPULARES Maranta Pavão; FAMÍLIA Marantaceae; CLIMA Equatorial, Subtropical, Tropical; ORIGEM América Central, América do Sul; Imagem Ilustrativa: A planta segue com vaso simples ou torrão. Instruções Básicas Caro cliente, assim que receber seu produto, retire-o da embalagem e o coloque em seu lugar definitivo de plantio, lembrando sempre que o mesmo deverá ter o dobro do tamanho do torrão da planta para que haja espaço para colocar substrato adicional para um melhor desenvolvimento e não esqueça de ler atentamente as informações de sua planta para um melhor cuidado.",https://cdn.awsli.com.br/1200x1200/1982/1982052/produto/138525806/4a77adfd81.jpg | https://cdn.awsli.com.br/1200x1200/1982/1982052/produto/138525806/587752eb22.jpg | https://cdn.awsli.com.br/1200x1200/1982/1982052/produto/138525352/68284e8631.jpg | https://cdn.awsli.com.br/1200x1200/1982/1982052/produto/251731551/maranta-charuto-piix219eaa.jpg | https://cdn.awsli.com.br/1200x1200/1982/1982052/produto/139836609/70286c6b6c.jpg | https://cdn.awsli.com.br/1200x1200/1982/1982052/produto/174033709/146cc62d69.jpg,https://www.plantadelivery.com.br/maranta-pavao
Maranta Tricolor - Pote 15,PD092285,89.9,89.9,Disponível,Planta Delivery,,"NOME CIENTÍFICO Ctenanthe oppenheimiana NOMES POPULARES Folhagens, Forrações à Meia Sombra; FAMÍLIA Marantáceas; CLIMA Equatorial, Subtropical, Tropical; ORIGEM América do Sul, Brasil; Imagem Ilustrativa: A planta segue com vaso simples ou torrão. Instruções Básicas Caro cliente, assim que receber seu produto, retire-o da embalagem e o coloque em seu lugar definitivo de plantio, lembrando sempre que o mesmo deverá ter o dobro do tamanho do torrão da planta para que haja espaço para colocar substrato adicional para um melhor desenvolvimento e não esqueça de ler atentamente as informações de sua planta para um melhor cuidado.",https://cdn.awsli.com.br/1200x1200/1982/1982052/produto/138525352/68284e8631.jpg | https://cdn.awsli.com.br/1200x1200/1982/1982052/produto/138525352/bacd342031.jpg | https://cdn.awsli.com.br/1200x1200/1982/1982052/produto/138525806/4a77adfd81.jpg | https://cdn.awsli.com.br/1200x1200/1982/1982052/produto/251731551/maranta-charuto-piix219eaa.jpg | https://cdn.awsli.com.br/1200x1200/1982/1982052/produto/139836609/70286c6b6c.jpg | https://cdn.awsli.com.br/1200x1200/1982/1982052/produto/135804257/3a4688c1da.jpg,https://www.plantadelivery.com.br/maranta-tricolor-
Mil Cores,PD0922182,23.31,139.9,Disponível,Planta Delivery,,"NOME CIENTÍFICO Breynia disticha; NOMES POPULARES Mil-cores, Arbusto-de-neve, Breinia, Folha-de-seda, Pão-nosso-de-cada-dia; FAMÍLIA Phyllanthaceae; CLIMA Tropical e subtropical; ORIGEM Indonésia, Austrália tropical, Ilhas do Pacífico, Nova Caledônia; Imagem Ilustrativa: A planta segue com vaso simples ou torrão. Instruções Básicas Caro cliente, assim que receber seu produto, retire-o da embalagem e o coloque em seu lugar definitivo de plantio, lembrando sempre que o mesmo deverá ter o dobro do tamanho do torrão da planta para que haja espaço para colocar substrato adicional para um melhor desenvolvimento e não esqueça de ler atentamente as informações de sua planta para um melhor cuidado.",https://cdn.awsli.com.br/1200x1200/1982/1982052/produto/138632046/c6ab1948ab.jpg | https://cdn.awsli.com.br/1200x1200/1982/1982052/produto/138632046/d93e6a0657.jpg,https://www.plantadelivery.com.br/mil-cores
Mini Azaleia - Caixa com 15 unidades,PD092269,21.65,129.9,Disponível,Planta Delivery,,"NOME CIENTÍFICO Rhododendron simsii; NOMES POPULARES Azaléia, Azaléia-belga.; FAMÍLIA Ericaceae; CLIMA Mediterrâneo, Subtropical, Temperado; ORIGEM Ásia, China; Imagem Ilustrativa: A planta segue com vaso simples ou torrão. Instruções Básicas Caro cliente, assim que receber seu produto, retire-o da embalagem e o coloque em seu lugar definitivo de plantio, lembrando sempre que o mesmo deverá ter o dobro do tamanho do torrão da planta para que haja espaço para colocar substrato adicional para um melhor desenvolvimento e não esqueça de ler atentamente as informações de sua planta para um melhor cuidado.",https://cdn.awsli.com.br/1200x1200/1982/1982052/produto/138504392/9342f1240d.jpg | https://cdn.awsli.com.br/1200x1200/1982/1982052/produto/138504392/ea45168238.jpg | https://cdn.awsli.com.br/1200x1200/1982/1982052/produto/138636002/e499da094d.jpg | https://cdn.awsli.com.br/1200x1200/1982/1982052/produto/136965579/4e75815b7f.jpg | https://cdn.awsli.com.br/1200x1200/1982/1982052/produto/174033709/146cc62d69.jpg | https://cdn.awsli.com.br/1200x1200/1982/1982052/produto/138609282/03311cb540.jpg,https://www.plantadelivery.com.br/mini-azaleia
Mini Cactos Diversas - Caixa 15 unidades,VEPB8FM5T-NSBU6NNE4,199.9,79.9,Disponível,Planta Delivery,,"Caixa de mudas de cactos diversos no pote número 6, este kit e indicado para lembrancinhas, de casamento, aniversário, batizados etc. Frete Grátis Rio de Janeiro",https://cdn.awsli.com.br/1200x1200/1982/1982052/produto/180865162/29f216da8d.jpg | https://cdn.awsli.com.br/1200x1200/1982/1982052/produto/180865162/e63d9d38c2.jpg | https://cdn.awsli.com.br/1200x1200/1982/1982052/produto/138633006/63328d56e5.jpg | https://cdn.awsli.com.br/1200x1200/1982/1982052/produto/180863058/833bc7fc00.jpg | https://cdn.awsli.com.br/1200x1200/1982/1982052/produto/138551260/9d80068874.jpg | https://cdn.awsli.com.br/1200x1200/1982/1982052/produto/137448235/69199bb0d0.jpg,https://www.plantadelivery.com.br/mini-cactos-diversas
Mini Espada de São Jorge,PD202204,79.9,29.9,Disponível,Planta Delivery,,"NOME CIENTÍFICO Sansevieria cylindrica NOMES POPULARES Espada-de-são-jorge, Língua-de-sogra, Rabo-de-lagarto, Sansevéria. FAMÍLIA Asparagaceae CLIMA Equatorial, Subtropical, Tropical. ORIGEM África. Imagem Ilustrativa: A planta segue com vaso simples ou torrão. Instruções Básicas Caro cliente, assim que receber seu produto, retire-o da embalagem e o coloque em seu lugar definitivo de plantio, lembrando sempre que o mesmo deverá ter o dobro do tamanho do torrão da planta para que haja espaço para colocar substrato adicional para um melhor desenvolvimento e não esqueça de ler atentamente as informações de sua planta para um melhor cuidado.",https://cdn.awsli.com.br/1200x1200/1982/1982052/produto/140320870/8a86e3a4f4.jpg | https://cdn.awsli.com.br/1200x1200/1982/1982052/produto/140318035/f21b84e2c7.jpg | https://cdn.awsli.com.br/1200x1200/1982/1982052/produto/177274543/f541cb7e1b.jpg | https://cdn.awsli.com.br/1200x1200/1982/1982052/produto/177277386/de67c7f7e6.jpg | https://cdn.awsli.com.br/1200x1200/1982/1982052/produto/140322206/377ba5b176.jpg,https://www.plantadelivery.com.br/mini-espada-de-sao-jorge
Mini Ixora Vermelha - Caixa com 15 unidades,PD092250,49.9,64.9,Disponível,Planta Delivery,,"NOME CIENTÍFICO Ixora chinensis; NOMES POPULARES Ixora-chinesa, Alfinete-gigante, Ixora-vermelha, Ixória-chinesa; FAMÍLIA Rubiaceae; CLIMA Equatorial, Oceânico, Subtropical, Tropical; ORIGEM Ásia, China, Malásia; Imagem Ilustrativa: A planta segue com vaso simples ou torrão. Instruções Básicas Caro cliente, assim que receber seu produto, retire-o da embalagem e o coloque em seu lugar definitivo de plantio, lembrando sempre que o mesmo deverá ter o dobro do tamanho do torrão da planta para que haja espaço para colocar substrato adicional para um melhor desenvolvimento e não esqueça de ler atentamente as informações de sua planta para um melhor cuidado.",https://cdn.awsli.com.br/1200x1200/1982/1982052/produto/138469729/33f587bb4d.jpg | https://cdn.awsli.com.br/1200x1200/1982/1982052/produto/138469729/e557b8ae58.jpg | https://cdn.awsli.com.br/1200x1200/1982/1982052/produto/138504801/5d4a75cb7b.jpg | https://cdn.awsli.com.br/1200x1200/1982/1982052/produto/358012547/23e985a827-097nqtxsbf.jpg | https://cdn.awsli.com.br/1200x1200/1982/1982052/produto/174033709/146cc62d69.jpg | https://cdn.awsli.com.br/1200x1200/1982/1982052/produto/138609282/03311cb540.jpg,https://www.plantadelivery.com.br/mini-ixora
Monstera Adansonii,PD092202,89.9,89.9,Disponível,Planta Delivery,,"NOME CIENTÍFICO Monstera Adansonii; NOMES POPULARES Costela-de-adão, imbé-furado; FAMÍLIA Arbusto; CLIMA América Tropical; ORIGEM Equatorial, Tropical, Tropical úmido; Imagem Ilustrativa: A planta segue com vaso simples ou torrão. Instruções Básicas Caro cliente, assim que receber seu produto, retire-o da embalagem e o coloque em seu lugar definitivo de plantio, lembrando sempre que o mesmo deverá ter o dobro do tamanho do torrão da planta para que haja espaço para colocar substrato adicional para um melhor desenvolvimento e não esqueça de ler atentamente as informações de sua planta para um melhor cuidado.",https://cdn.awsli.com.br/1200x1200/1982/1982052/produto/138325181/e8a2507c16.jpg,https://www.plantadelivery.com.br/monstera-adansonii
Moreia,PD110822,44.9,44.9,Disponível,Planta Delivery,,"A Moreia é uma planta de área externa e gosta muito de climas frios, temperados e quentes. A planta é extremamente resistente e não deve ser podada pois se trata de uma planta alta e não se desenvolve direito caso seja cortada. NOME CIENTÍFICO Dietes iridioides NOMES POPULARES Moréia FAMÍLIA Iridaceae CLIMA Mediterrâneo, Subtropical, Tropical ORIGEM África, África do Sul; ALTURA 0.4 a 0.6 metros LUMINOSIDADE Sol Pleno CICLO DE VIDA Perene. Imagem Ilustrativa: A planta segue com vaso simples ou torrão. Instruções Básicas Caro cliente, assim que receber seu produto, retire-o da embalagem e o coloque em seu lugar definitivo de plantio, lembrando sempre que o mesmo deverá ter o dobro do tamanho do torrão da planta para que haja espaço para colocar substrato adicional para um melhor desenvolvimento e não esqueça de ler atentamente as informações de sua planta para um melhor cuidado.",https://cdn.awsli.com.br/1200x1200/1982/1982052/produto/173853208/e618804bec.jpg | https://cdn.awsli.com.br/1200x1200/1982/1982052/produto/173853208/a9a862fa20.jpg,https://www.plantadelivery.com.br/moreia
Cheflera,S32B98RT4,124.9,99.9,Disponível,Planta Delivery,,"Tamanho Aproximado de 1,00 a 1,30m NOME CIENTÍFICO Schefflera arboricola; NOMES POPULARES Árvore-guarda-chuva, árvore-polvo, brassaia, cheflerão. FAMÍLIA Araliaceae. CLIMA Mediterrâneo, Oceânico, Equatorial, Subtropical e Tropical. ORIGEM Taiwan. Imagem Ilustrativa: A planta segue com vaso simples ou torrão. Instruções Básicas Caro cliente, assim que receber seu produto, retire-o da embalagem e o coloque em seu lugar definitivo de plantio, lembrando sempre que o mesmo deverá ter o dobro do tamanho do torrão da planta para que haja espaço para colocar substrato adicional para um melhor desenvolvimento e não esqueça de ler atentamente as informações de sua planta para um melhor cuidado.",https://cdn.awsli.com.br/1200x1200/1982/1982052/produto/160124832/6056d53737.jpg | https://cdn.awsli.com.br/1200x1200/1982/1982052/produto/160124832/cd09e3aca7.jpg | https://cdn.awsli.com.br/1200x1200/1982/1982052/produto/160124832/ae2fdb9908.jpg,https://www.plantadelivery.com.br/muda-cheflera
Murta,PD0922161,59.9,59.9,Disponível,Planta Delivery,,"Tamanho aproximado: 0,80 m a 1,00 m NOME CIENTÍFICO Eugenia candolleana DC; NOMES POPULARES ameixa-da-mata, murta, murtinha. FAMÍLIA Myrtaceae; CLIMA Tropical, Subtropical e Mediterrâneo; ORIGEM África; Imagem Ilustrativa: A planta segue com vaso simples ou torrão. Instruções Básicas Caro cliente, assim que receber seu produto, retire-o da embalagem e o coloque em seu lugar definitivo de plantio, lembrando sempre que o mesmo deverá ter o dobro do tamanho do torrão da planta para que haja espaço para colocar substrato adicional para um melhor desenvolvimento e não esqueça de ler atentamente as informações de sua planta para um melhor cuidado.",https://cdn.awsli.com.br/1200x1200/1982/1982052/produto/138615920/45f9ed09e8.jpg | https://cdn.awsli.com.br/1200x1200/1982/1982052/produto/138615920/b217fd447e.jpg,https://www.plantadelivery.com.br/murta-080-a-1-metro
Mussaenda Branca,PD0922202,89.9,89.9,Disponível,Planta Delivery,,"NOME CIENTÍFICO Mussaenda erythrophylla; NOMES POPULARES Mussaenda-rosa, Mussaenda-arbustiva, Mussaenda-rosa-arbustiva FAMÍLIA Rubiaceae; CLIMA Equatorial, Subtropical e Tropical; ORIGEM África, Ásia; Imagem Ilustrativa: A planta segue com vaso simples ou torrão. Instruções Básicas Caro cliente, assim que receber seu produto, retire-o da embalagem e o coloque em seu lugar definitivo de plantio, lembrando sempre que o mesmo deverá ter o dobro do tamanho do torrão da planta para que haja espaço para colocar substrato adicional para um melhor desenvolvimento e não esqueça de ler atentamente as informações de sua planta para um melhor cuidado.",https://cdn.awsli.com.br/1200x1200/1982/1982052/produto/138636696/596652601d.jpg | https://cdn.awsli.com.br/1200x1200/1982/1982052/produto/138636696/023c4e4cef.jpg | https://cdn.awsli.com.br/1200x1200/1982/1982052/produto/138624642/3b2d68b799.jpg | https://cdn.awsli.com.br/1200x1200/1982/1982052/produto/138623994/47536095ef.jpg,https://www.plantadelivery.com.br/mussaenda-branca
Mussaenda Rosa,PD0922174,89.9,89.9,Disponível,Planta Delivery,,"NOME CIENTÍFICO Mussaenda erythrophylla; NOMES POPULARES Mussaenda-rosa, Mussaenda-arbustiva, Mussaenda-rosa-arbustiva FAMÍLIA Rubiaceae; CLIMA Equatorial, Subtropical e Tropical; ORIGEM África, Ásia; Imagem Ilustrativa: A planta segue com vaso simples ou torrão. Instruções Básicas Caro cliente, assim que receber seu produto, retire-o da embalagem e o coloque em seu lugar definitivo de plantio, lembrando sempre que o mesmo deverá ter o dobro do tamanho do torrão da planta para que haja espaço para colocar substrato adicional para um melhor desenvolvimento e não esqueça de ler atentamente as informações de sua planta para um melhor cuidado.",https://cdn.awsli.com.br/1200x1200/1982/1982052/produto/138624642/3b2d68b799.jpg | https://cdn.awsli.com.br/1200x1200/1982/1982052/produto/138624642/3648a6d5dd.jpg | https://cdn.awsli.com.br/1200x1200/1982/1982052/produto/138636696/596652601d.jpg | https://cdn.awsli.com.br/1200x1200/1982/1982052/produto/138623994/47536095ef.jpg,https://www.plantadelivery.com.br/mussaenda-rosa
Mussaenda Vermelha,PD0922169,89.9,89.9,Disponível,Planta Delivery,,"NOME CIENTÍFICO Mussaenda erythrophylla; NOMES POPULARES Mussaenda-rosa, Mussaenda-arbustiva, Mussaenda-rosa-arbustiva FAMÍLIA Rubiaceae; CLIMA Equatorial, Subtropical e Tropical; ORIGEM África, Ásia; Imagem Ilustrativa: A planta segue com vaso simples ou torrão. Instruções Básicas Caro cliente, assim que receber seu produto, retire-o da embalagem e o coloque em seu lugar definitivo de plantio, lembrando sempre que o mesmo deverá ter o dobro do tamanho do torrão da planta para que haja espaço para colocar substrato adicional para um melhor desenvolvimento e não esqueça de ler atentamente as informações de sua planta para um melhor cuidado.",https://cdn.awsli.com.br/1200x1200/1982/1982052/produto/138623994/47536095ef.jpg | https://cdn.awsli.com.br/1200x1200/1982/1982052/produto/138623994/53f37336ea.jpg | https://cdn.awsli.com.br/1200x1200/1982/1982052/produto/138636696/596652601d.jpg | https://cdn.awsli.com.br/1200x1200/1982/1982052/produto/138624642/3b2d68b799.jpg,https://www.plantadelivery.com.br/mussaenda-vermelha
Alamanda Amarela,PD092208,89.9,89.9,Disponível,Planta Delivery,,"Tamanho aproximado: 0,50cm a 0,80cm Trepadeira bastante conhecida e utilizada no paisagismo no Brasil. A alamanda apresenta vistosas flores amarelo-ouro, praticamente o ano inteiro. A folhagem também é bastante ornamental, composta de folhas verdes e brilhantes. É considerada planta tóxica e por este motivo deve-se mantê-la longe do alcance de crianças pequenas e filhotes de cães. Deve ser cultivada a pleno sol, em solo fértil e com regas regulares. É perfeita para cobrir pérgolas, muros e caramanchões, mas deve ser tutorada inicialmente. Devido ao peso da ramagem vigorosa, deve-se evitar seu uso em treliças e cercas mais frágeis. Seu crescimento é moderado. Adapta-se a todos os estados brasileiros, mas prefere o calor. Multiplica-se por sementes e por estaquia. NOME CIENTÍFICO Allamanda cathartica NOMES POPULARES Alamanda, Alamanda-amarela, Carolina, Dedal-de dama FAMÍLIA Apocynaceae CLIMA Equatorial, Subtropical, Tropical ORIGEM América do Sul, Brasil ALTURA Pode chegar a 3,6 metros. LUMINOSIDADE Sol Pleno CICLO DE VIDA Perene. Imagem Ilustrativa: A planta segue com vaso simples ou torrão. Instruções Básicas Caro cliente, assim que receber seu produto, retire-o da embalagem e o coloque em seu lugar definitivo de plantio, lembrando sempre que o mesmo deverá ter o dobro do tamanho do torrão da planta para que haja espaço para colocar substrato adicional para um melhor desenvolvimento e não esqueça de ler atentamente as informações de sua planta para um melhor cuidado.",https://cdn.awsli.com.br/1200x1200/1982/1982052/produto/138434665/2809cc30a8.jpg | https://cdn.awsli.com.br/1200x1200/1982/1982052/produto/138434665/a337f3f6f7.jpg | https://cdn.awsli.com.br/1200x1200/1982/1982052/produto/138436066/31540ef9a0.jpg,https://www.plantadelivery.com.br/none-138434665
Grama Amendoim - Caixa com 30 unidades,PD092252,24.9,49.9,Disponível,Planta Delivery,,"NOME CIENTÍFICO Arachis repens; NOMES POPULARES Grama-amendoim, Amedoim-forrageiro, Amendoim-rasteiro, Amendoinzinho; FAMÍLIA Fabaceae; CLIMA Equatorial, Subtropical, Tropical; ORIGEM América do Sul, Brasil; Imagem Ilustrativa: A planta segue com vaso simples ou torrão. Instruções Básicas Caro cliente, assim que receber seu produto, retire-o da embalagem e o coloque em seu lugar definitivo de plantio, lembrando sempre que o mesmo deverá ter o dobro do tamanho do torrão da planta para que haja espaço para colocar substrato adicional para um melhor desenvolvimento e não esqueça de ler atentamente as informações de sua planta para um melhor cuidado.",https://cdn.awsli.com.br/1200x1200/1982/1982052/produto/138469996/c6a7de2134.jpg | https://cdn.awsli.com.br/1200x1200/1982/1982052/produto/138469996/whatsapp-image-2023-10-04-at-15-59-36-4xtdmtef4m.jpeg | https://cdn.awsli.com.br/1200x1200/1982/1982052/produto/138469996/47391d8df5.jpg | https://cdn.awsli.com.br/1200x1200/1982/1982052/produto/138469834/75e03f24ba.jpg | https://cdn.awsli.com.br/1200x1200/1982/1982052/produto/147088698/ebe6d7e9b0.jpg | https://cdn.awsli.com.br/1200x1200/1982/1982052/produto/137593375/4aacf023f6.jpg | https://cdn.awsli.com.br/1200x1200/1982/1982052/produto/137585039/47a2e38cb7.jpg,https://www.plantadelivery.com.br/none-138469996
Hemigrafis Lisa ou Hera Roxa - Caixa com 15 unidades,PD092257,39.9,39.9,Disponível,Planta Delivery,,"NOME CIENTÍFICO Hemigraphis alternata; NOMES POPULARES Hera-roxa, Rubrastilis. FAMÍLIA Acanthaceae. CLIMA Oceânico, Subtropical, Tropical. ORIGEM Ásia, Índia, Indonésia, Java, Malásia. Imagem Ilustrativa: A planta segue com vaso simples ou torrão. Instruções Básicas Caro cliente, assim que receber seu produto, retire-o da embalagem e o coloque em seu lugar definitivo de plantio, lembrando sempre que o mesmo deverá ter o dobro do tamanho do torrão da planta para que haja espaço para colocar substrato adicional para um melhor desenvolvimento e não esqueça de ler atentamente as informações de sua planta para um melhor cuidado.",https://cdn.awsli.com.br/1200x1200/1982/1982052/produto/138472068/c267e200f4.jpg | https://cdn.awsli.com.br/1200x1200/1982/1982052/produto/138472068/54dde6fe72.jpg | https://cdn.awsli.com.br/1200x1200/1982/1982052/produto/138527178/b980e8bb8b.jpg | https://cdn.awsli.com.br/1200x1200/1982/1982052/produto/138503492/c6cc904b24.jpg | https://cdn.awsli.com.br/1200x1200/1982/1982052/produto/138549075/dfb2fd1ca0.jpg | https://cdn.awsli.com.br/1200x1200/1982/1982052/produto/138528165/8f00cbe122.jpg,https://www.plantadelivery.com.br/none-138472068
Russélia Vermelha - Caixa com 15 unidades,PD092268,19.9,49.9,Disponível,Planta Delivery,,"NOME CIENTÍFICO Russelia equisetiformis; NOMES POPULARES Flor-de-coral, Russélia; FAMÍLIA Plantaginaceae. CLIMA Equatorial, Oceânico, Subtropical, Tropical. ORIGEM América do Norte, México; Imagem Ilustrativa: A planta segue com vaso simples ou torrão. Instruções Básicas Caro cliente, assim que receber seu produto, retire-o da embalagem e o coloque em seu lugar definitivo de plantio, lembrando sempre que o mesmo deverá ter o dobro do tamanho do torrão da planta para que haja espaço para colocar substrato adicional para um melhor desenvolvimento e não esqueça de ler atentamente as informações de sua planta para um melhor cuidado.",https://cdn.awsli.com.br/1200x1200/1982/1982052/produto/138503793/fdc33cfbf4.jpg | https://cdn.awsli.com.br/1200x1200/1982/1982052/produto/138503793/f6a1c6ceaa.jpg | https://cdn.awsli.com.br/1200x1200/1982/1982052/produto/174033709/146cc62d69.jpg | https://cdn.awsli.com.br/1200x1200/1982/1982052/produto/138609282/03311cb540.jpg | https://cdn.awsli.com.br/1200x1200/1982/1982052/produto/174064565/55000e72c0.jpg | https://cdn.awsli.com.br/1200x1200/1982/1982052/produto/174061194/326e1ae25f.jpg,https://www.plantadelivery.com.br/none-138503793
Helicônia Papagaio Amarelo / Bico de Papagaio,PD122110,39.9,39.9,Disponível,Planta Delivery,,"Tamanho aproximado: 0,80 a 1,20 m A helicônia-papagaio é uma das helicônias mais cultivadas e conhecidas no mundo. Ela é uma planta essencialmente tropical, entouceirada e rizomatosa, com ramos de textura herbácea. Suas folhas são coriáceas, verdes e lisas, com formato oval-lanceolado, sustentadas por ramos eretos com cerca de 1,5 metros de altura e que formam densas touceiras com o tempo. Suas inflorescências curtas são produzidas em hastes longas e eretas, e são compostas de brácteas brilhantes e cerosas, de colorido vibrante, que vai do amarelo ao vermelho e, pequenas flores verdadeiras, que surgem de dentro das brácteas. A floração desta helicônia ocorre no verão. Atualmente existem muitas variedades comerciais de Helicônia-papagaio, com brácteas róseas, laranjas e com manchas marrons, etc. Entre estas podemos citar ‘Andromeda’, ‘Sassy’, ‘Lady Di’, ‘Choconiana’, ‘Golden Torch’ e ‘Strawberries and Cream’. É uma planta arbustiva adequada para jardins tropicais, onde pode ser utilizada em renques junto a muros ou em maciços e conjuntos. As inflorescências duráveis são largamente aproveitadas como flor-de-corte em arranjos florais. Deve ser cultivada sob pleno sol ou meia-sombra, em solo fértil, enriquecido com matéria orgânica e mantido úmido. Aprecia o calor e a umidade tropicais. Tolera o frio subtropical, podendo ser cultivada com sucesso em regiões com este clima. Adubações ricas em fósforo e potássio, além de reposições de matéria orgânica estimulam uma folhagem exuberante e uma floração mais abundante. Multiplica-se por divisão das touceiras. NOME CIENTÍFICO Heliconia psittacorum NOMES POPULARES Helicônia-papagaio, Caetezinho, Planta-papagaio, Tracoá FAMÍLIA Heliconiaceae CLIMA Equatorial, Subtropical, Tropical ORIGEM América do Sul, Brasil ALTURA Pode chegar a 1 metro. LUMINOSIDADE Meia Sombra. CICLO DE VIDA Perene. Imagem Ilustrativa: A planta segue com vaso simples ou torrão. Instruções Básicas: Caro cliente, assim que receber seu produto, retire-o da emba",https://cdn.awsli.com.br/1200x1200/1982/1982052/produto/139812458/1d4e1b8c45.jpg | https://cdn.awsli.com.br/1200x1200/1982/1982052/produto/139812458/6878cfa96a.jpg | https://cdn.awsli.com.br/1200x1200/1982/1982052/produto/139812458/a531fe5171.jpg | https://cdn.awsli.com.br/1200x1200/1982/1982052/produto/139812458/e34dcccc78.jpg | https://cdn.awsli.com.br/1200x1200/1982/1982052/produto/139812660/38f76728b2.jpg | https://cdn.awsli.com.br/1200x1200/1982/1982052/produto/139811912/9455d98319.jpg | https://cdn.awsli.com.br/1200x1200/1982/1982052/produto/138609734/2ff489840b.jpg,https://www.plantadelivery.com.br/none-139812458
Dracena Vermelha ou Cordyline,PD122118,73.5,54.9,Disponível,Planta Delivery,,"Tamanho aproximado: 0,70 a 1,00 m As dracenas conquistaram os jardins tropicais e hoje podemos encontrar muitas variedades, além da vermelha original. Todas apresentam no entanto folhas grandes, largas e com textura de couro e inflorescência terminal de baixa importância ornamental. Podemos encontrar dracenas vermelhas, arroxeadas, róseas, esbranquiçadas, verdes, variegadas, manchadas e listradas em diversas combinações. Podem ser cultivadas isoladas em vasos e formando maciços, conjuntos e bordaduras no jardim, principalmente junto a muros. Devem ser cultivadas a pleno sol ou meia-sombra, em solo fértil e rico em matéria orgânica. A dracena-vermelha tolera muito bem o frio e multiplica-se por estacas e mais raramente por sementes. NOME CIENTÍFICO Cordyline terminalis NOMES POPULARES Dracena-vermelha, Coqueiro-de-Vênus, Cordiline FAMÍLIA Laxmanniaceae CLIMA Equatorial, Oceânico, Subtropical, Tropical ORIGEM Ásia, Índia, Malásia, Oceania, Polinésia ALTURA Pode chegar a 2 metros. LUMINOSIDADE Meia Sombra, Sol pleno. CICLO DE VIDA Perene. Imagem Ilustrativa: A planta segue com vaso simples ou torrão. Instruções Básicas: Caro cliente, assim que receber seu produto, retire-o da embalagem e o coloque em seu lugar definitivo de plantio, lembrando sempre que o mesmo deverá ter o dobro do tamanho do torrão da planta para que haja espaço para colocar substrato adicional para um melhor desenvolvimento e não esqueça de ler atentamente as informações de sua planta para um melhor cuidado.",https://cdn.awsli.com.br/1200x1200/1982/1982052/produto/139831267/c2e3ca5296.jpg | https://cdn.awsli.com.br/1200x1200/1982/1982052/produto/139831267/9dd18dd279.jpg | https://cdn.awsli.com.br/1200x1200/1982/1982052/produto/139831267/472a111822.jpg | https://cdn.awsli.com.br/1200x1200/1982/1982052/produto/139831267/1853627294.jpg | https://cdn.awsli.com.br/1200x1200/1982/1982052/produto/138615194/8e21784493.jpg | https://cdn.awsli.com.br/1200x1200/1982/1982052/produto/138615042/b47fcbb443.jpg | https://cdn.awsli.com.br/1200x1200/1982/1982052/produto/135804257/3a4688c1da.jpg,https://www.plantadelivery.com.br/none-139831267
Palmeira Bismarckia,PD122132,41.65,249.9,Disponível,Planta Delivery,,"Tamanho aproximado: 0,60 a 1,00 m Esta palmeira apresenta estipe único, com diâmetro entre 30 a 45 cm, e alcança 25 metros de altura, embora geralmente não ultrapasse 12 metros. As folhas são grandes, eretas, cerosas, em número de 15 a 20, com formato de leque, palmadas, de cor azul prateada e sustentadas por fortes pecíolos. Quando as folhas velhas caem, deixam uma marca no tronco, que fica anelado. Ocorre ainda uma variedade de folhas verdes, que é menos resistente ao frio e à seca. A floração ocorre na primavera, despontando inflorescências interfoliares, pendentes, ramificadas e com numerosas flores de cor marrom. As flores são menores e mais abundantes nos machos do que nas que fêmeas. Para produzir sementes férteis é necessário ter as plantas dos dois sexos próximas para que a polinização ocorra. Os frutos são do tipo drupa, ovóides e de cor marrom escura a preta quando maduros. Cada fruto contém uma única semente. De uma beleza espetacular, essa palmeira exótica é avidamente procurada por paisagistas e entusiastas para suas composições. Seu efeito é escultural e impactante, tornando-se invariavelmente, um ponto focal no jardim. E o mais interessante, é que a planta jovem já é capaz deste efeito, pois sua copa é bastante ampla mesmo com pouca altura. Ideal para jardins amplos, contemporâneos ou tropicais. Também pode ser cultivada em grupos ou linhas, com excelente efeito. Para o seu desenvolvimento e apreciação, precisa de espaço de no mínimo 8 metros de diâmetro. A mesma medida deve ser tomada para espaçamento entre mudas. Deve ser cultivada sob sol pleno, em solos bem drenáveis, enriquecidos com matéria orgânica e irrigados regularmente. Após o pleno estabelecimento é capaz de tolerar períodos de estiagem. Mesmo assim, recomenda-se a irrigação suplementar, que estimula o rápido crescimento desta espécie. Ao contrário da maioria das palmeiras, a palmeira-azul pode ser conduzida sob sol pleno mesmo que seja jovem. Aprecia o clima tropical e o subtropical, ada",https://cdn.awsli.com.br/1200x1200/1982/1982052/produto/141194945/ee1fbe8671.jpg | https://cdn.awsli.com.br/1200x1200/1982/1982052/produto/141194945/24ef27b05b.jpg | https://cdn.awsli.com.br/1200x1200/1982/1982052/produto/138467647/1b228c35cd.jpg | https://cdn.awsli.com.br/1200x1200/1982/1982052/produto/139808202/03c5509fdd.jpg | https://cdn.awsli.com.br/1200x1200/1982/1982052/produto/138467398/3c0305f40f.jpg | https://cdn.awsli.com.br/1200x1200/1982/1982052/produto/138465028/99e69f1056.jpg,https://www.plantadelivery.com.br/none-141194945
Onze Horas - Caixa com 15 unidades,PD092247,19.9,44.9,Disponível,Planta Delivery,,"NOME CIENTÍFICO Portulaca grandiflora; NOMES POPULARES Onze-horas, Portulaca FAMÍLIA Portulacaceae; CLIMA Continental, Equatorial, Mediterrâneo, Oceânico, Subtropical, Temperado, Tropical; ORIGEM Argentina, Brasil, Uruguai; Imagem Ilustrativa: A planta segue com vaso simples ou torrão. Instruções Básicas Caro cliente, assim que receber seu produto, retire-o da embalagem e o coloque em seu lugar definitivo de plantio, lembrando sempre que o mesmo deverá ter o dobro do tamanho do torrão da planta para que haja espaço para colocar substrato adicional para um melhor desenvolvimento e não esqueça de ler atentamente as informações de sua planta para um melhor cuidado.",https://cdn.awsli.com.br/1200x1200/1982/1982052/produto/138468878/bd096f3ada.jpg | https://cdn.awsli.com.br/1200x1200/1982/1982052/produto/138468878/a20efbceab.jpg | https://cdn.awsli.com.br/1200x1200/1982/1982052/produto/174033709/146cc62d69.jpg | https://cdn.awsli.com.br/1200x1200/1982/1982052/produto/138609282/03311cb540.jpg | https://cdn.awsli.com.br/1200x1200/1982/1982052/produto/174064565/55000e72c0.jpg | https://cdn.awsli.com.br/1200x1200/1982/1982052/produto/174061194/326e1ae25f.jpg,https://www.plantadelivery.com.br/onze-horas-caixa-com-15-unidades
Ora-pro-Nóbis,PD0922115,89.9,89.9,Disponível,Planta Delivery,,"NOME CIENTÍFICO Pereskia acardia; NOMES POPULARES Ora-pro-nobis, Trepadeira-limão, Carne-de-pobre, Groselha-da-américa, Orabrobó, Lobodo, Lobrobô, Lobrobó, Rogai-por-nós, Rosa-madeira, Jumbeba, Azedinha, Surucucú, Lobolôbô, Espinho-de-santo-antônio FAMÍLIA Cactaceae; CLIMA Equatorial, Mediterrâneo, Semi-árido, Subtropical, Tropical; ORIGEM América Central, América do Norte, América do Suk, Argentina, Brasil, México, Paraguai e Peru. Imagem Ilustrativa: A planta segue com vaso simples ou torrão. Instruções Básicas Caro cliente, assim que receber seu produto, retire-o da embalagem e o coloque em seu lugar definitivo de plantio, lembrando sempre que o mesmo deverá ter o dobro do tamanho do torrão da planta para que haja espaço para colocar substrato adicional para um melhor desenvolvimento e não esqueça de ler atentamente as informações de sua planta para um melhor cuidado.",https://cdn.awsli.com.br/1200x1200/1982/1982052/produto/138547692/95a7a12696.jpg,https://www.plantadelivery.com.br/ora-pro-nobis
Orquídea Bambu,PD092212,119.9,89.9,Disponível,Planta Delivery,,"NOME CIENTÍFICO Arundina Bambusifolia; NOMES POPULARES Orquídea Bambu FAMÍLIA Orchidaceae; CLIMA Equatorial, Subtropical, Tropical; ORIGEM Ásia, Birmânia. Imagem Ilustrativa: A planta segue com vaso simples ou torrão. Instruções Básicas Caro cliente, assim que receber seu produto, retire-o da embalagem e o coloque em seu lugar definitivo de plantio, lembrando sempre que o mesmo deverá ter o dobro do tamanho do torrão da planta para que haja espaço para colocar substrato adicional para um melhor desenvolvimento e não esqueça de ler atentamente as informações de sua planta para um melhor cuidado.",https://cdn.awsli.com.br/1200x1200/1982/1982052/produto/138439442/c7b3ae5611.jpg | https://cdn.awsli.com.br/1200x1200/1982/1982052/produto/138439442/7434af4337.jpg | https://cdn.awsli.com.br/1200x1200/1982/1982052/produto/138439442/cuidados-orquide-bambu-k94mctyfmu.jpeg | https://cdn.awsli.com.br/1200x1200/1982/1982052/produto/138688869/cbc1b457dd.jpg | https://cdn.awsli.com.br/1200x1200/1982/1982052/produto/136682934/9e2635ac70.jpg | https://cdn.awsli.com.br/1200x1200/1982/1982052/produto/138461022/4eadb3d69c.jpg | https://cdn.awsli.com.br/1200x1200/1982/1982052/produto/138458516/954d7f2248.jpg,https://www.plantadelivery.com.br/orquidea-bambu
Orquídea Oncidium Aloha - Amarela,PD092218,19.98,119.9,Disponível,Planta Delivery,,"NOME CIENTÍFICO Oncidium ssp; NOMES POPULARES Orquídea Chuva De Ouro FAMÍLIA Orchidaceae; CLIMA Equatorial, Oceânico, Subtropical, Tropical; ORIGEM América Central, América do Norte, América do Sul, México. Imagem Ilustrativa: A planta segue com vaso simples ou torrão. Instruções Básicas Caro cliente, assim que receber seu produto, retire-o da embalagem e o coloque em seu lugar definitivo de plantio, lembrando sempre que o mesmo deverá ter o dobro do tamanho do torrão da planta para que haja espaço para colocar substrato adicional para um melhor desenvolvimento e não esqueça de ler atentamente as informações de sua planta para um melhor cuidado.",https://cdn.awsli.com.br/1200x1200/1982/1982052/produto/138459174/814bcdbda3.jpg | https://cdn.awsli.com.br/1200x1200/1982/1982052/produto/138459174/bdbb9d591b.jpg | https://cdn.awsli.com.br/1200x1200/1982/1982052/produto/138460466/2c4728f14c.jpg | https://cdn.awsli.com.br/1200x1200/1982/1982052/produto/138688869/cbc1b457dd.jpg | https://cdn.awsli.com.br/1200x1200/1982/1982052/produto/138439442/c7b3ae5611.jpg | https://cdn.awsli.com.br/1200x1200/1982/1982052/produto/136682934/9e2635ac70.jpg,https://www.plantadelivery.com.br/orquidea-oncidium-aloha-amarela
Orquídea Oncidium Sharry Baby - Chocolate,PD092220,19.98,119.9,Disponível,Planta Delivery,,"NOME CIENTÍFICO Oncidium ssp; NOMES POPULARES Oncidium Sharry Baby FAMÍLIA Orchidaceae; CLIMA Equatorial, Oceânico, Subtropical, Tropical; ORIGEM América Central, América do Norte, América do Sul, México. Imagem Ilustrativa: A planta segue com vaso simples ou torrão. Instruções Básicas Caro cliente, assim que receber seu produto, retire-o da embalagem e o coloque em seu lugar definitivo de plantio, lembrando sempre que o mesmo deverá ter o dobro do tamanho do torrão da planta para que haja espaço para colocar substrato adicional para um melhor desenvolvimento e não esqueça de ler atentamente as informações de sua planta para um melhor cuidado.",https://cdn.awsli.com.br/1200x1200/1982/1982052/produto/138460466/2c4728f14c.jpg | https://cdn.awsli.com.br/1200x1200/1982/1982052/produto/138460466/698c068229.jpg | https://cdn.awsli.com.br/1200x1200/1982/1982052/produto/138459174/814bcdbda3.jpg | https://cdn.awsli.com.br/1200x1200/1982/1982052/produto/138688869/cbc1b457dd.jpg | https://cdn.awsli.com.br/1200x1200/1982/1982052/produto/138439442/c7b3ae5611.jpg | https://cdn.awsli.com.br/1200x1200/1982/1982052/produto/136682934/9e2635ac70.jpg,https://www.plantadelivery.com.br/orquidea-oncidium-sharry-baby-chocolate
Orquídea Phalaenopsis,PD0922210,19.98,119.9,Disponível,Planta Delivery,,"NOME CIENTÍFICO Phalaenopsis x hybridas; NOMES POPULARES Falenópsis FAMÍLIA Orchidaceae; CLIMA Equatorial, Oceânico, Subtropical, Tropical; ORIGEM Oceania, Polinésia. Imagem Ilustrativa: A planta segue com vaso simples ou torrão. Instruções Básicas Caro cliente, assim que receber seu produto, retire-o da embalagem e o coloque em seu lugar definitivo de plantio, lembrando sempre que o mesmo deverá ter o dobro do tamanho do torrão da planta para que haja espaço para colocar substrato adicional para um melhor desenvolvimento e não esqueça de ler atentamente as informações de sua planta para um melhor cuidado.",https://cdn.awsli.com.br/1200x1200/1982/1982052/produto/138688869/cbc1b457dd.jpg | https://cdn.awsli.com.br/1200x1200/1982/1982052/produto/138688869/ede649bcdb.jpg | https://cdn.awsli.com.br/1200x1200/1982/1982052/produto/138688869/70c244761e.jpg | https://cdn.awsli.com.br/1200x1200/1982/1982052/produto/138688869/1ec580b93f.jpg | https://cdn.awsli.com.br/1200x1200/1982/1982052/produto/138439442/c7b3ae5611.jpg | https://cdn.awsli.com.br/1200x1200/1982/1982052/produto/136682934/9e2635ac70.jpg | https://cdn.awsli.com.br/1200x1200/1982/1982052/produto/138461022/4eadb3d69c.jpg | https://cdn.awsli.com.br/1200x1200/1982/1982052/produto/138458516/954d7f2248.jpg,https://www.plantadelivery.com.br/orquidea-phalaenopsis
Orquídea Vanda - Amarela,PD092216,48.31,289.9,Disponível,Planta Delivery,,"NOME CIENTÍFICO Vanda sanderiana; NOMES POPULARES Orquidea Vanda FAMÍLIA Orchidaceae; CLIMA Equatorial, Subtropical, Tropical; ORIGEM Ásia. Imagem Ilustrativa: A planta segue com vaso simples ou torrão. Instruções Básicas Caro cliente, assim que receber seu produto, retire-o da embalagem e o coloque em seu lugar definitivo de plantio, lembrando sempre que o mesmo deverá ter o dobro do tamanho do torrão da planta para que haja espaço para colocar substrato adicional para um melhor desenvolvimento e não esqueça de ler atentamente as informações de sua planta para um melhor cuidado.",https://cdn.awsli.com.br/1200x1200/1982/1982052/produto/138458516/954d7f2248.jpg | https://cdn.awsli.com.br/1200x1200/1982/1982052/produto/138458516/ef08232537.jpg | https://cdn.awsli.com.br/1200x1200/1982/1982052/produto/138461022/4eadb3d69c.jpg | https://cdn.awsli.com.br/1200x1200/1982/1982052/produto/138440745/2f8cda4884.jpg | https://cdn.awsli.com.br/1200x1200/1982/1982052/produto/138688869/cbc1b457dd.jpg | https://cdn.awsli.com.br/1200x1200/1982/1982052/produto/138439442/c7b3ae5611.jpg,https://www.plantadelivery.com.br/orquidea-vanda-amarela
Orquídea Vanda - Lilás,PD092221,48.31,289.9,Disponível,Planta Delivery,,"NOME CIENTÍFICO Vanda sanderiana; NOMES POPULARES Orquidea Vanda FAMÍLIA Orchidaceae; CLIMA Equatorial, Subtropical, Tropical; ORIGEM Ásia. Imagem Ilustrativa: A planta segue com vaso simples ou torrão. Instruções Básicas Caro cliente, assim que receber seu produto, retire-o da embalagem e o coloque em seu lugar definitivo de plantio, lembrando sempre que o mesmo deverá ter o dobro do tamanho do torrão da planta para que haja espaço para colocar substrato adicional para um melhor desenvolvimento e não esqueça de ler atentamente as informações de sua planta para um melhor cuidado.",https://cdn.awsli.com.br/1200x1200/1982/1982052/produto/138461022/4eadb3d69c.jpg | https://cdn.awsli.com.br/1200x1200/1982/1982052/produto/138461022/38169f48f4.jpg | https://cdn.awsli.com.br/1200x1200/1982/1982052/produto/138458516/954d7f2248.jpg | https://cdn.awsli.com.br/1200x1200/1982/1982052/produto/138440745/2f8cda4884.jpg | https://cdn.awsli.com.br/1200x1200/1982/1982052/produto/138688869/cbc1b457dd.jpg | https://cdn.awsli.com.br/1200x1200/1982/1982052/produto/138439442/c7b3ae5611.jpg,https://www.plantadelivery.com.br/orquidea-vanda-lilas
Orquídea Vanda - Rosa,PD092215,48.31,289.9,Disponível,Planta Delivery,,"NOME CIENTÍFICO Vanda sanderiana; NOMES POPULARES Orquidea Vanda FAMÍLIA Orchidaceae; CLIMA Equatorial, Subtropical, Tropical; ORIGEM Ásia. Imagem Ilustrativa: A planta segue com vaso simples ou torrão. Instruções Básicas Caro cliente, assim que receber seu produto, retire-o da embalagem e o coloque em seu lugar definitivo de plantio, lembrando sempre que o mesmo deverá ter o dobro do tamanho do torrão da planta para que haja espaço para colocar substrato adicional para um melhor desenvolvimento e não esqueça de ler atentamente as informações de sua planta para um melhor cuidado.",https://cdn.awsli.com.br/1200x1200/1982/1982052/produto/138440745/2f8cda4884.jpg | https://cdn.awsli.com.br/1200x1200/1982/1982052/produto/138440745/ab0fac5db2.jpg | https://cdn.awsli.com.br/1200x1200/1982/1982052/produto/138461022/4eadb3d69c.jpg | https://cdn.awsli.com.br/1200x1200/1982/1982052/produto/138458516/954d7f2248.jpg | https://cdn.awsli.com.br/1200x1200/1982/1982052/produto/138688869/cbc1b457dd.jpg | https://cdn.awsli.com.br/1200x1200/1982/1982052/produto/138439442/c7b3ae5611.jpg,https://www.plantadelivery.com.br/orquidea-vanda-rosa
Pacová,PD202201,129.9,89.9,Disponível,Planta Delivery,,"NOME CIENTÍFICO Philodendron martianun NOMES POPULARES Filodendro, pacová, babosa de pau, babosa de árvore. FAMÍLIA Araceae CLIMA Não suporta muito bem o frio, então o clima da região deve ser preferencialmente quente. ORIGEM Brasil. Imagem Ilustrativa: A planta segue com vaso simples ou torrão. Instruções Básicas Caro cliente, assim que receber seu produto, retire-o da embalagem e o coloque em seu lugar definitivo de plantio, lembrando sempre que o mesmo deverá ter o dobro do tamanho do torrão da planta para que haja espaço para colocar substrato adicional para um melhor desenvolvimento e não esqueça de ler atentamente as informações de sua planta para um melhor cuidado.",https://cdn.awsli.com.br/1200x1200/1982/1982052/produto/140317269/86cb23a6bf.jpg | https://cdn.awsli.com.br/1200x1200/1982/1982052/produto/140317269/57ac1353a6.jpg | https://cdn.awsli.com.br/1200x1200/1982/1982052/produto/177276398/fe7402ce49.jpg,https://www.plantadelivery.com.br/pacova
Palmeira Açaí,PD092230,41.65,249.9,Utilizamos cookies para que você tenha a melhor experiência em nosso site. Para saber mais acesse nossa página de,Planta Delivery,,"NOME CIENTÍFICO Euterpe oleracea; NOMES POPULARES Açaí, Açaí-do-pará, Açaizeiro, Assai, Juçara, Piná, Palmito, Palmeira-açaí, Açaí-preto, Palmiteiro FAMÍLIA Arecaceae; CLIMA Equatorial, Oceânico, Subtropical, Tropical; ORIGEM América do Sul, Brasil, Colômbia, Equador, Guiana, Venezuela; Imagem Ilustrativa: A planta segue com vaso simples ou torrão. Instruções Básicas Caro cliente, assim que receber seu produto, retire-o da embalagem e o coloque em seu lugar definitivo de plantio, lembrando sempre que o mesmo deverá ter o dobro do tamanho do torrão da planta para que haja espaço para colocar substrato adicional para um melhor desenvolvimento e não esqueça de ler atentamente as informações de sua planta para um melhor cuidado.",https://cdn.awsli.com.br/1200x1200/1982/1982052/produto/138463799/c1d47dafa6.jpg | https://cdn.awsli.com.br/1200x1200/1982/1982052/produto/138467647/1b228c35cd.jpg | https://cdn.awsli.com.br/1200x1200/1982/1982052/produto/141194945/ee1fbe8671.jpg | https://cdn.awsli.com.br/1200x1200/1982/1982052/produto/139808202/03c5509fdd.jpg | https://cdn.awsli.com.br/1200x1200/1982/1982052/produto/138467398/3c0305f40f.jpg,https://www.plantadelivery.com.br/palmeira-acai
Palmeira da Califórnia ou Palmeira de Saia,PD092241,41.65,249.9,Utilizamos cookies para que você tenha a melhor experiência em nosso site. Para saber mais acesse nossa página de,Planta Delivery,,"NOME CIENTÍFICO Washingtonia filifera; NOMES POPULARES Palmeira-de-saia, Palmeira-da-califórnia, Palmeira-de-saia-da-califórnia, Washingtonia-de-saia FAMÍLIA Arecaceae; CLIMA Equatorial, Mediterrâneo, Subtropical, Tropical; ORIGEM América do Norte, Estados Unidos, México; Imagem Ilustrativa: A planta segue com vaso simples ou torrão. Instruções Básicas Caro cliente, assim que receber seu produto, retire-o da embalagem e o coloque em seu lugar definitivo de plantio, lembrando sempre que o mesmo deverá ter o dobro do tamanho do torrão da planta para que haja espaço para colocar substrato adicional para um melhor desenvolvimento e não esqueça de ler atentamente as informações de sua planta para um melhor cuidado.",https://cdn.awsli.com.br/1200x1200/1982/1982052/produto/138467647/1b228c35cd.jpg | https://cdn.awsli.com.br/1200x1200/1982/1982052/produto/141194945/ee1fbe8671.jpg | https://cdn.awsli.com.br/1200x1200/1982/1982052/produto/139808202/03c5509fdd.jpg | https://cdn.awsli.com.br/1200x1200/1982/1982052/produto/138467398/3c0305f40f.jpg | https://cdn.awsli.com.br/1200x1200/1982/1982052/produto/138465028/99e69f1056.jpg,https://www.plantadelivery.com.br/palmeira-da-california-ou-palmeira-de-saia
Palmeira Fênix,PD122103,43.31,259.9,Disponível,Planta Delivery,,"Tamanho aproximado: 0,90 a 1,20 m Palmeira ereta, de tronco simples, fina e elegante, por vezes se estreitando na base. O crescimento é lento, atingindo de 2 a 4 metros de altura e diâmetro do tronco em torno de 15 a 20cm, razão pela qual muitos a chamam de mini-palmeira. Planta dióica. Reproduz-se por sementes que a planta feminina produz. Suas flores são amarelas e frutos vinho-escuros que são apreciados pelos pássaros. As folhas são compostas pinadas de um verde escuro brilhante e seu tamanho fica em torno de um metro a um metro e meio de comprimento e os segmentos por volta de 20 centímetros em plano único. Prefere sol pleno, mas pode ser cultivada à meia-sombra e até em interiores bem iluminados, inclusive em vasos. Resiste ao frio e é freqüentemente encontrada em jardins do Brasil e em decoração de interiores. Planta tipicamente tropical e muito graciosa, valoriza projetos paisagísticos de diversos estilos, como o tropical, oriental, indiano e contemporâneo. Adapta-se aos mais variados tipos de solo, mas prefere os bem drenáveis, úmidos e ricos em matéria orgânica. Necessita de limpeza no tronco para retirada dos restos de folhas, assim como das folhas mais baixas que vão ficando amareladas. Possui espinhos na base das folhas, razão pela qual todo o cuidado se faz necessário no momento da limpeza. NOME CIENTÍFICO Phoenix roebelenii NOMES POPULARES Fênix, Pameira-anâ, Palmeira-fênix, Tamareira-anã, Tamareira-de-jardim FAMÍLIA Arecaceae CLIMA Equatorial, Oceânico, Subtropical, Tropical. ORIGEM Tailândia, Vietnã ALTURA Pode chegar a 4 metros. LUMINOSIDADE Meia sombra, Sol pleno. CICLO DE VIDA Perene. Imagem Ilustrativa: A planta segue com vaso simples ou torrão. Instruções Básicas: Caro cliente, assim que receber seu produto, retire-o da embalagem e o coloque em seu lugar definitivo de plantio, lembrando sempre que o mesmo deverá ter o dobro do tamanho do torrão da planta para que haja espaço para colocar substrato adicional para um melhor desenvolvimento e não e",https://cdn.awsli.com.br/1200x1200/1982/1982052/produto/139808202/03c5509fdd.jpg | https://cdn.awsli.com.br/1200x1200/1982/1982052/produto/139808202/996e71ba41.jpg | https://cdn.awsli.com.br/1200x1200/1982/1982052/produto/138467647/1b228c35cd.jpg | https://cdn.awsli.com.br/1200x1200/1982/1982052/produto/141194945/ee1fbe8671.jpg | https://cdn.awsli.com.br/1200x1200/1982/1982052/produto/138467398/3c0305f40f.jpg | https://cdn.awsli.com.br/1200x1200/1982/1982052/produto/138465028/99e69f1056.jpg,https://www.plantadelivery.com.br/palmeira-fenix
Palmeira Garrafa,PD092232,41.65,249.9,Utilizamos cookies para que você tenha a melhor experiência em nosso site. Para saber mais acesse nossa página de,Planta Delivery,,"NOME CIENTÍFICO Hyophorbe lagenicaulis; NOMES POPULARES Palmeira-garrafa FAMÍLIA Arecaceae; CLIMA Equatorial, Oceânico, Subtropical, Tropical; ORIGEM Ilhas Mascarenhas; Imagem Ilustrativa: A planta segue com vaso simples ou torrão. Instruções Básicas Caro cliente, assim que receber seu produto, retire-o da embalagem e o coloque em seu lugar definitivo de plantio, lembrando sempre que o mesmo deverá ter o dobro do tamanho do torrão da planta para que haja espaço para colocar substrato adicional para um melhor desenvolvimento e não esqueça de ler atentamente as informações de sua planta para um melhor cuidado.",https://cdn.awsli.com.br/1200x1200/1982/1982052/produto/138464381/783dd4bcc1.jpg | https://cdn.awsli.com.br/1200x1200/1982/1982052/produto/138464381/7034003116.jpg | https://cdn.awsli.com.br/1200x1200/1982/1982052/produto/138467647/1b228c35cd.jpg | https://cdn.awsli.com.br/1200x1200/1982/1982052/produto/141194945/ee1fbe8671.jpg | https://cdn.awsli.com.br/1200x1200/1982/1982052/produto/139808202/03c5509fdd.jpg | https://cdn.awsli.com.br/1200x1200/1982/1982052/produto/138467398/3c0305f40f.jpg,https://www.plantadelivery.com.br/palmeira-garrafa
Palmeira Imperial,PD122104,249.9,14.5,Utilizamos cookies para que você tenha a melhor experiência em nosso site. Para saber mais acesse nossa página de,Planta Delivery,,"A palmeira-imperial é um espécie de palmeira monóica, solitária e imponente, muito robusta e de grande porte, que alcança entre 30 e 40 metros de altura. As folhas tem de 3 a 5 metros de comprimento, e são pinadas, com folíolos arqueados e inseridos no mesmo plano, diferindo assim da palmeira-real-de-cuba (Roystonea regia), que apresenta folhas mais plumosas. Seu estipe (tronco) é de cor cinza claro, liso, uniformemente cilíndrico, apenas um pouco mais engrossado na base e com diâmetro entre 40 e 60 centímetros. A coroa é arredondada, com aproximadamente vinte folhas dispostas de forma ereta ou horizontalmente, o que permite visualizar o palmito recoberto pelas bainhas à distância, sendo esta mais uma das características que à diferencia da palmeira-real-de-cuba. Nesta última, as folhas mais velhas pendem sobre o palmito, dificultando a visualização do mesmo. A inflorescência surge na base do palmito, na primavera, em cachos longos, de até 1,5 metros de comprimento, com flores masculinas e femininas, de cor branca. Os frutos são drupas oblongas, de cor roxa a preta quando maduros. Eles se formam no verão e são atrativos para diversas aves silvestres, em especial psitacídeos, como papagaios, araras e caturritas. Deve ser cultivada sob sol pleno, em solo fértil, enriquecido com matéria orgânica e irrigado regularmente. Ela responde bem à adubação, crescendo em velocidade. Fertilize com adubos próprios para palmeiras durante o período de crescimento. Aprecia o calor e a umidade tropicais, sendo menos resistente ao frio do que a palmeira-real-de-cuba. Ainda assim, é possível cultivá-la em clima subtropical, em centros urbanos e vales, menos sujeitos a geadas e frio intenso. Resiste muito bem aos ventos, embora não seja tão flexível a ponto de tolerar tornados fortes, como algumas espécies de palmeiras. Multiplica-se por sementes, recém colhidas de frutos maduros e postas a germinar em substrato arenoso e mantido úmido, preferencialmente em estufa. A germinação leva cerc",https://cdn.awsli.com.br/1200x1200/1982/1982052/produto/135127454/20b304a23f.jpg | https://cdn.awsli.com.br/1200x1200/1982/1982052/produto/135127454/d3ab133704.jpg | https://cdn.awsli.com.br/1200x1200/1982/1982052/produto/135127454/2c5edeb78c.jpg | https://cdn.awsli.com.br/1200x1200/1982/1982052/produto/138467647/1b228c35cd.jpg | https://cdn.awsli.com.br/1200x1200/1982/1982052/produto/174995421/1a93957adf.jpg | https://cdn.awsli.com.br/1200x1200/1982/1982052/produto/141194945/ee1fbe8671.jpg | https://cdn.awsli.com.br/1200x1200/1982/1982052/produto/139808202/03c5509fdd.jpg,https://www.plantadelivery.com.br/palmeira-imperial
Palmeira Pinanga Coronata,PD092236,41.65,249.9,Utilizamos cookies para que você tenha a melhor experiência em nosso site. Para saber mais acesse nossa página de,Planta Delivery,,"NOME CIENTÍFICO Pinanga coronata; NOMES POPULARES pinanga-de-coroa FAMÍLIA Arecaceae; CLIMA Equatorial, Tropical, Tropical úmido. ORIGEM Indonésia; Imagem Ilustrativa: A planta segue com vaso simples ou torrão. Instruções Básicas Caro cliente, assim que receber seu produto, retire-o da embalagem e o coloque em seu lugar definitivo de plantio, lembrando sempre que o mesmo deverá ter o dobro do tamanho do torrão da planta para que haja espaço para colocar substrato adicional para um melhor desenvolvimento e não esqueça de ler atentamente as informações de sua planta para um melhor cuidado.",https://cdn.awsli.com.br/1200x1200/1982/1982052/produto/138465095/78c4020ef2.jpg | https://cdn.awsli.com.br/1200x1200/1982/1982052/produto/138467647/1b228c35cd.jpg | https://cdn.awsli.com.br/1200x1200/1982/1982052/produto/141194945/ee1fbe8671.jpg | https://cdn.awsli.com.br/1200x1200/1982/1982052/produto/139808202/03c5509fdd.jpg | https://cdn.awsli.com.br/1200x1200/1982/1982052/produto/138467398/3c0305f40f.jpg,https://www.plantadelivery.com.br/palmeira-pinanga-coronata
Palmeira Rabo de Peixe,PD092229,249.9,49.9,Utilizamos cookies para que você tenha a melhor experiência em nosso site. Para saber mais acesse nossa página de,Planta Delivery,,"NOME CIENTÍFICO Caryota urens; NOMES POPULARES palmeira-rabo-de-peixe, Cariota-de-touceira, Palmeira-rabo-de-peixe-de-touceira FAMÍLIA Arecaceae; CLIMA Equatorial, Mediterrâneo, Oceânico, Subtropical e Tropical ORIGEM Ásia, Birmânia, Bornéu, China, Filipinas, Java, Malásia, Oceania, Sri Lanka, Tailândia, Vietnã.; Imagem Ilustrativa: A planta segue com vaso simples ou torrão. Instruções Básicas Caro cliente, assim que receber seu produto, retire-o da embalagem e o coloque em seu lugar definitivo de plantio, lembrando sempre que o mesmo deverá ter o dobro do tamanho do torrão da planta para que haja espaço para colocar substrato adicional para um melhor desenvolvimento e não esqueça de ler atentamente as informações de sua planta para um melhor cuidado.",https://cdn.awsli.com.br/1200x1200/1982/1982052/produto/138463610/445f2cb3f5.jpg | https://cdn.awsli.com.br/1200x1200/1982/1982052/produto/138463610/2fa1569846.jpg | https://cdn.awsli.com.br/1200x1200/1982/1982052/produto/135821395/73051d5151.jpg | https://cdn.awsli.com.br/1200x1200/1982/1982052/produto/138467647/1b228c35cd.jpg | https://cdn.awsli.com.br/1200x1200/1982/1982052/produto/139806253/71ee0adbaa.jpg | https://cdn.awsli.com.br/1200x1200/1982/1982052/produto/141194945/ee1fbe8671.jpg,https://www.plantadelivery.com.br/palmeira-rabo-de-peixe
Palmeira Rabo de Raposa,PD122129,249.9,49.9,Utilizamos cookies para que você tenha a melhor experiência em nosso site. Para saber mais acesse nossa página de,Planta Delivery,,"A palmeira-rabo-de-raposa é uma bela espécie australiana, monóica, de origem restrita à pedregosa faixa de Melville, na região nordeste de Queensland. Foi descoberta em 1978, quando aborígenes apresentaram suas sementes aos botânicos que exploravam o local. Apresenta estipe único, cinzento, elegante, com diâmetro de cerca de 25 cm, anelado e em formato colunar ou de garrafa. Suas folhas são um espetáculo à parte e a peculiaridade que mais se destaca nesta palmeira. São grandes, verde-claras, arqueadas, pinadas e com numerosos folíolos que irradiam em todos os ângulos a partir da raque central. Assim, elas tem o aspecto plumoso de escova de garrafa, ou cauda de raposa, como o nome diz. Sua copa é composta por 8 a 10 folhas. Da base da copa, surgem as inflorescências, com milhares de flores branco-creme. Os frutos que se seguem são elípticos, vermelhos quando maduros e com uma única e grande semente. É capaz de autofecundar-se, gerando sementes férteis. A palmeira-rabo-de-raposa é vedete dos jardins tropicais atuais. Muito procurada por sua beleza e rusticidade, ela pode ser conduzida isolada, como destaque, ou em renques e grupamentos. É interessante plantá-las em conjuntos unidos de duas ou três, assim o crescimento curvado torna-se bastante atrativo. Mesmo as mudas pequenas ainda podem ser plantadas sob sol pleno, ao contrário da maiorias das outras espécies de palmeiras. Também pode ser conduzida em vasos, quando jovem, embelezando pátios, varandas e até mesmo interiores bem iluminados, com pé direito alto. Deve ser cultivada sob sol pleno ou meia sombra, em solos drenáveis, enriquecidos com matéria orgânica e irrigados regularmente no período de crescimento. Após adulta, esta palmeira apresenta excelente resistência à estiagem. Por tolerar a maresia e ventos, é uma opção interessante para jardins no litoral. Resiste a geadas leves, mas não tolera frio intenso por período muito prolongado. Estimule o crescimento desta palmeira, fertilizando semestralmente e irriga",https://cdn.awsli.com.br/1200x1200/1982/1982052/produto/135821395/73051d5151.jpg | https://cdn.awsli.com.br/1200x1200/1982/1982052/produto/135821395/0f29683521.jpg | https://cdn.awsli.com.br/1200x1200/1982/1982052/produto/138463610/445f2cb3f5.jpg | https://cdn.awsli.com.br/1200x1200/1982/1982052/produto/138467647/1b228c35cd.jpg | https://cdn.awsli.com.br/1200x1200/1982/1982052/produto/139806253/71ee0adbaa.jpg | https://cdn.awsli.com.br/1200x1200/1982/1982052/produto/141194945/ee1fbe8671.jpg,https://www.plantadelivery.com.br/palmeira-rabo-de-raposa
Palmeira Ráfis,PD092240,19.98,119.9,Disponível,Planta Delivery,,"NOME CIENTÍFICO Rhapis excelsa; NOMES POPULARES palmeira-rápis, palmeira-ráfia, ráfis, rápis, palmeira-dama, jupati FAMÍLIA Arecaceae; CLIMA Subtropical, também tolera o clima temperado. ORIGEM China; Imagem Ilustrativa: A planta segue com vaso simples ou torrão. Instruções Básicas Caro cliente, assim que receber seu produto, retire-o da embalagem e o coloque em seu lugar definitivo de plantio, lembrando sempre que o mesmo deverá ter o dobro do tamanho do torrão da planta para que haja espaço para colocar substrato adicional para um melhor desenvolvimento e não esqueça de ler atentamente as informações de sua planta para um melhor cuidado.",https://cdn.awsli.com.br/1200x1200/1982/1982052/produto/138467398/3c0305f40f.jpg | https://cdn.awsli.com.br/1200x1200/1982/1982052/produto/138467398/whatsapp-image-2023-10-24-at-09-31-27--1--n147uiua0s.jpeg | https://cdn.awsli.com.br/1200x1200/1982/1982052/produto/138467398/cuidados-palmeira-rafis-2ar6e4od8n.jpeg | https://cdn.awsli.com.br/1200x1200/1982/1982052/produto/138467647/1b228c35cd.jpg | https://cdn.awsli.com.br/1200x1200/1982/1982052/produto/141194945/ee1fbe8671.jpg | https://cdn.awsli.com.br/1200x1200/1982/1982052/produto/139808202/03c5509fdd.jpg | https://cdn.awsli.com.br/1200x1200/1982/1982052/produto/138465028/99e69f1056.jpg,https://www.plantadelivery.com.br/palmeira-rafis
"Palmeira Ravenala / Árvore-do-viajante - 0,70 a 1,00 metro",PD092224,21.65,129.9,Disponível,Planta Delivery,,"NOME CIENTÍFICO Ravenala madagascariensis; NOMES POPULARES Árvore-do-viajante, Árvore-dos-viajantes, Palmeira-dos-viajantes FAMÍLIA Strelitziaceae; CLIMA Equatorial, Subtropical, Tropical ORIGEM África, Madagascar; Imagem Ilustrativa: A planta segue com vaso simples ou torrão. Instruções Básicas Caro cliente, assim que receber seu produto, retire-o da embalagem e o coloque em seu lugar definitivo de plantio, lembrando sempre que o mesmo deverá ter o dobro do tamanho do torrão da planta para que haja espaço para colocar substrato adicional para um melhor desenvolvimento e não esqueça de ler atentamente as informações de sua planta para um melhor cuidado.",https://cdn.awsli.com.br/1200x1200/1982/1982052/produto/138461939/cdc11e1a40.jpg | https://cdn.awsli.com.br/1200x1200/1982/1982052/produto/138461939/44bda4b57e.jpg,https://www.plantadelivery.com.br/palmeira-ravenala-arvore-do-viajante
Palmeira Triangular,PD092235,41.65,249.9,Utilizamos cookies para que você tenha a melhor experiência em nosso site. Para saber mais acesse nossa página de,Planta Delivery,,"NOME CIENTÍFICO Dypsis decaryi; NOMES POPULARES Palmeira-triângulo, Palmeira-triangular, Palmera-de-tronco-triangular, Neodipsis, Palma-triangular FAMÍLIA Arecaceae; CLIMA Equatorial, Mediterrâneo, Oceânico, Subtropical, Tropical ORIGEM África, Madagascar; Imagem Ilustrativa: A planta segue com vaso simples ou torrão. Instruções Básicas Caro cliente, assim que receber seu produto, retire-o da embalagem e o coloque em seu lugar definitivo de plantio, lembrando sempre que o mesmo deverá ter o dobro do tamanho do torrão da planta para que haja espaço para colocar substrato adicional para um melhor desenvolvimento e não esqueça de ler atentamente as informações de sua planta para um melhor cuidado.",https://cdn.awsli.com.br/1200x1200/1982/1982052/produto/138465028/99e69f1056.jpg | https://cdn.awsli.com.br/1200x1200/1982/1982052/produto/138465028/6fa5849045.jpg | https://cdn.awsli.com.br/1200x1200/1982/1982052/produto/138467647/1b228c35cd.jpg | https://cdn.awsli.com.br/1200x1200/1982/1982052/produto/141194945/ee1fbe8671.jpg | https://cdn.awsli.com.br/1200x1200/1982/1982052/produto/139808202/03c5509fdd.jpg | https://cdn.awsli.com.br/1200x1200/1982/1982052/produto/138467398/3c0305f40f.jpg,https://www.plantadelivery.com.br/palmeira-triangular
Palmeira Veitchia Merrillii,PD092226,299.9,359.9,Disponível,Planta Delivery,,"NOME CIENTÍFICO Veitchia merrillii; NOMES POPULARES Palmeira-de-manila, Areca De Manila, Merrili, Palmeira Veitchia, Veitchia Merrili FAMÍLIA Arecaceae; CLIMA Equatorial, Mediterrâneo, Oceânico, Subtropical, Tropical ORIGEM Filipinas; Imagem Ilustrativa: A planta segue com vaso simples ou torrão. Instruções Básicas Caro cliente, assim que receber seu produto, retire-o da embalagem e o coloque em seu lugar definitivo de plantio, lembrando sempre que o mesmo deverá ter o dobro do tamanho do torrão da planta para que haja espaço para colocar substrato adicional para um melhor desenvolvimento e não esqueça de ler atentamente as informações de sua planta para um melhor cuidado.",https://cdn.awsli.com.br/1200x1200/1982/1982052/produto/138462610/e039618ef3.jpg | https://cdn.awsli.com.br/1200x1200/1982/1982052/produto/138462610/27a876cc31.jpg | https://cdn.awsli.com.br/1200x1200/1982/1982052/produto/138467647/1b228c35cd.jpg | https://cdn.awsli.com.br/1200x1200/1982/1982052/produto/141194945/ee1fbe8671.jpg | https://cdn.awsli.com.br/1200x1200/1982/1982052/produto/139808202/03c5509fdd.jpg | https://cdn.awsli.com.br/1200x1200/1982/1982052/produto/138467398/3c0305f40f.jpg,https://www.plantadelivery.com.br/palmeira-veitchia
Pandanus,PD0922160,21.65,129.9,Disponível,Planta Delivery,,"NOME CIENTÍFICO Pandanus utilis Bory; NOMES POPULARES Palmeira-de-manila, Areca De Manila; FAMÍLIA Pandanaceae; CLIMA Equatorial, Oceânico, Subtropical, Tropical ORIGEM Oceania, Polinésia; Imagem Ilustrativa: A planta segue com vaso simples ou torrão. Instruções Básicas Caro cliente, assim que receber seu produto, retire-o da embalagem e o coloque em seu lugar definitivo de plantio, lembrando sempre que o mesmo deverá ter o dobro do tamanho do torrão da planta para que haja espaço para colocar substrato adicional para um melhor desenvolvimento e não esqueça de ler atentamente as informações de sua planta para um melhor cuidado.",https://cdn.awsli.com.br/1200x1200/1982/1982052/produto/138615847/eba2db6a41.jpg,https://www.plantadelivery.com.br/pandanus
Pata de Elefante,PD122114,89.9,89.9,Disponível,Planta Delivery,,"A pata-de-elefante é uma planta arbustiva, de textura semi-lenhosa e aspecto escultural. Apesar de se assemelhar com as palmeiras, a pata-de-elefante não é uma palmeira verdadeira. Ela é considerada um arbusto ou arvoreta, que pode alcançar cerca de 5 metros de altura quando adulta. Seu tronco é muito ornamental, geralmente único com a base dilatada, para o armazenamento de água. Uma adaptação para sobreviver por longos períodos de estiagem. Suas folhas são muito belas também, com um aspecto de cabeleira, dispostas em densos tufos nas extremidades dos ramos. Elas são coriáceas, achatadas, longas e recurvadas, com margens ásperas. As flores somente são produzidas nos exemplares mais velhos, já arbóreos. Elas despontam em inflorescências longas e eretas, com numerosas flores pequenas e esbranquiçadas. Ocorrem plantas fêmeas e plantas machos (espécie dióica). As patas-de-elefante fazem muito sucesso no paisagismo, criando pontos de destaque no jardim. Sua beleza imponente e escultural pode ser valorizada isolada ou em pequenos grupos. Encaixa-se perfeitamente em jardins contemporâneos, de inspiração desértica ou tropicais. Devido ao lento crescimento, também é muito explorada como planta envasada, enquanto é jovem, para decoração de interiores, pátios, sacadas e varandas. É uma planta que praticamente não exige manutenção, mas que alcança altos valores no mercado de plantas ornamentais. Deve ser cultivada sob sol pleno em solo fértil, bem drenável e irrigado a intervalos bem espaçados, para evitar o apodrecimento das raízes. Quando jovem, pode ser conduzida em ambientes internos, em locais com incidência solar direta (meia sombra). É muito rústica, tolerando o calor e o frio, não suportando apenas o encharcamento. Multiplica-se por estaquia e por sementes produzidas apenas nas plantas fêmeas. NOME CIENTÍFICO Beaucarnea recurvata NOMES POPULARES Pata-de-Elefante, Biucárnea, Nolina FAMÍLIA Asparagaceae CLIMA Equatorial, Oceânico, Semi-árido, Subtropical, Tropical ORIGEM ",https://cdn.awsli.com.br/1200x1200/1982/1982052/produto/135545025/fd9c51fa59.jpg | https://cdn.awsli.com.br/1200x1200/1982/1982052/produto/135545025/251160db3a.jpg | https://cdn.awsli.com.br/1200x1200/1982/1982052/produto/135545025/1e71e8c344.jpg,https://www.plantadelivery.com.br/pata-de-elefante
Peperômia Golden - Cuia 21,PD0922129,89.9,89.9,Disponível,Planta Delivery,,"NOME CIENTÍFICO Peperomia obtusifolia; NOMES POPULARES Peperômia Golden FAMÍLIA Piperaceae; CLIMA Subtropical, Tropical ORIGEM Belize, Bolívia, Brasil, Colômbia, Costa Rica, Cuba, Equador, Guiana, Honduras, México, Nicarágua, Peru, Suriname, Florida e Venezuela. Imagem Ilustrativa: A planta segue com vaso simples ou torrão. Instruções Básicas Caro cliente, assim que receber seu produto, retire-o da embalagem e o coloque em seu lugar definitivo de plantio, lembrando sempre que o mesmo deverá ter o dobro do tamanho do torrão da planta para que haja espaço para colocar substrato adicional para um melhor desenvolvimento e não esqueça de ler atentamente as informações de sua planta para um melhor cuidado.",https://cdn.awsli.com.br/1200x1200/1982/1982052/produto/138578431/2ce6bacadd.jpg | https://cdn.awsli.com.br/1200x1200/1982/1982052/produto/138613594/d09b158ce5.jpg | https://cdn.awsli.com.br/1200x1200/1982/1982052/produto/138537441/4c2e717b7c.jpg | https://cdn.awsli.com.br/1200x1200/1982/1982052/produto/138550003/ea1adf2c0b.jpg | https://cdn.awsli.com.br/1200x1200/1982/1982052/produto/138541557/69517c99b4.jpg,https://www.plantadelivery.com.br/peperomia-golden
Peperômia Incana - Cuia 21,PD0922148,89.9,89.9,Disponível,Planta Delivery,,"NOME CIENTÍFICO Peperomia tradicional; NOMES POPULARES Peperomia incana FAMÍLIA Piperaceae; CLIMA Equatorial, Tropical ORIGEM América do Sul, Brasil. Imagem Ilustrativa: A planta segue com vaso simples ou torrão. Instruções Básicas Caro cliente, assim que receber seu produto, retire-o da embalagem e o coloque em seu lugar definitivo de plantio, lembrando sempre que o mesmo deverá ter o dobro do tamanho do torrão da planta para que haja espaço para colocar substrato adicional para um melhor desenvolvimento e não esqueça de ler atentamente as informações de sua planta para um melhor cuidado.",https://cdn.awsli.com.br/1200x1200/1982/1982052/produto/138613594/d09b158ce5.jpg | https://cdn.awsli.com.br/1200x1200/1982/1982052/produto/138578431/2ce6bacadd.jpg | https://cdn.awsli.com.br/1200x1200/1982/1982052/produto/138537441/4c2e717b7c.jpg | https://cdn.awsli.com.br/1200x1200/1982/1982052/produto/138550003/ea1adf2c0b.jpg | https://cdn.awsli.com.br/1200x1200/1982/1982052/produto/138541557/69517c99b4.jpg,https://www.plantadelivery.com.br/peperomia-incana
Peperômia Variegata,PD0922101,79.9,89.9,Disponível,Planta Delivery,,"NOME CIENTÍFICO Peperomia caperata; NOMES POPULARES Peperômia, Rabo-de-rato;. FAMÍLIA Piperaceae. CLIMA Equatorial, Tropical;. ORIGEM América do Sul, Brasil; Imagem Ilustrativa: A planta segue com vaso simples ou torrão. Instruções Básicas Caro cliente, assim que receber seu produto, retire-o da embalagem e o coloque em seu lugar definitivo de plantio, lembrando sempre que o mesmo deverá ter o dobro do tamanho do torrão da planta para que haja espaço para colocar substrato adicional para um melhor desenvolvimento e não esqueça de ler atentamente as informações de sua planta para um melhor cuidado.",https://cdn.awsli.com.br/1200x1200/1982/1982052/produto/138537441/4c2e717b7c.jpg | https://cdn.awsli.com.br/1200x1200/1982/1982052/produto/138537441/cuidados-peper-mia-variegata-6vhv7y4lbm.jpeg | https://cdn.awsli.com.br/1200x1200/1982/1982052/produto/138613594/d09b158ce5.jpg | https://cdn.awsli.com.br/1200x1200/1982/1982052/produto/138578431/2ce6bacadd.jpg | https://cdn.awsli.com.br/1200x1200/1982/1982052/produto/138636499/13cf531267.jpg | https://cdn.awsli.com.br/1200x1200/1982/1982052/produto/138611281/14e7284859.jpg,https://www.plantadelivery.com.br/peperomia-variegata
Pêra Keiffer ou Pêra Dura,PD102221,21.65,129.9,Disponível,Planta Delivery,,"NOME CIENTÍFICO Pyrus NOMES POPULARES Pera, Pereira, Pereira-exótica, Pereira-de-afrodite, Pereira-de-vênus. Família Rosáceas. Clima As menos exigentes precisam de aproximadamento 400 horas de frio abaixo de 7,2 °C, enquanto algumas variedades demandam mais de 700 horas de frio. Origem Ásia. Imagem Ilustrativa: A planta segue com vaso simples ou torrão. Instruções Básicas Caro cliente, assim que receber seu produto, retire-o da embalagem e o coloque em seu lugar definitivo de plantio, lembrando sempre que o mesmo deverá ter o dobro do tamanho do torrão da planta para que haja espaço para colocar substrato adicional para um melhor desenvolvimento e não esqueça de ler atentamente as informações de sua planta para um melhor cuidado.",https://cdn.awsli.com.br/1200x1200/1982/1982052/produto/138720780/f4da20f094.jpg | https://cdn.awsli.com.br/1200x1200/1982/1982052/produto/138720780/f804e35133.jpg | https://cdn.awsli.com.br/1200x1200/1982/1982052/produto/138720780/3b68dd913e.jpg | https://cdn.awsli.com.br/1200x1200/1982/1982052/produto/138694940/0f42dffd7f.jpg,https://www.plantadelivery.com.br/pera
Pêssego,PD102220,21.65,129.9,Disponível,Planta Delivery,,"NOME CIENTÍFICO Prunus persica NOMES POPULARES Pêssego. Família Rosaceae. Clima Fruta de clima temperado, mas encontrou regiões com condições climáticas favoráveis no Brasil. Origem China e Sul da Ásia. Imagem Ilustrativa: A planta segue com vaso simples ou torrão. Instruções Básicas Caro cliente, assim que receber seu produto, retire-o da embalagem e o coloque em seu lugar definitivo de plantio, lembrando sempre que o mesmo deverá ter o dobro do tamanho do torrão da planta para que haja espaço para colocar substrato adicional para um melhor desenvolvimento e não esqueça de ler atentamente as informações de sua planta para um melhor cuidado.",https://cdn.awsli.com.br/1200x1200/1982/1982052/produto/138717174/33fa075554.jpg | https://cdn.awsli.com.br/1200x1200/1982/1982052/produto/138717174/93c2759bdc.jpg | https://cdn.awsli.com.br/1200x1200/1982/1982052/produto/138717174/4d73163ae9.jpg,https://www.plantadelivery.com.br/pessego
Petúnia Perene,PD0922102,79.9,79.9,Disponível,Planta Delivery,,"NOME CIENTÍFICO Petunia integrifólia; NOMES POPULARES Petúnia-perene;. FAMÍLIA Solanaceae. CLIMA Continental, Equatorial, Oceânico, Subtropical, Temperado, Tropical. ORIGEM América do Sul; Imagem Ilustrativa: A planta segue com vaso simples ou torrão. Instruções Básicas Caro cliente, assim que receber seu produto, retire-o da embalagem e o coloque em seu lugar definitivo de plantio, lembrando sempre que o mesmo deverá ter o dobro do tamanho do torrão da planta para que haja espaço para colocar substrato adicional para um melhor desenvolvimento e não esqueça de ler atentamente as informações de sua planta para um melhor cuidado.",https://cdn.awsli.com.br/1200x1200/1982/1982052/produto/138539091/5d56a3ab89.jpg,https://www.plantadelivery.com.br/petunia-perene
Philodendron Coração,MH47C9BQS,69.9,89.9,Disponível,Planta Delivery,,"Philodendron hederaceum, também conhecido popularmente como filodendro coração. Aquele verde clássico que não pode faltar! Nativo do Brasil (e outros países tropicais da América) ama nosso clima tropical. Ou seja, adora umidade e calor. Epífita que é, cresce na natureza agarrado aos troncos e pedras, usando essas superfícies como apoio para garantir sua proteção e ganhar alguns centímetros de altura. Assim, quanto mais afastado do solo, mais longe dos predadores e perto da luz. Tudo sem retirar nutrientes da planta parceira. Nome popular: Filodendro coração Nome Ciêntífico: Philodendron hederaceum Família: Araceae Origem: Brasil Ciclo de vida: Perene Folha: As folhas são em formato de coração, algumas com dois tons de verde, chamado então de filodendro-brasil assim como um filodendro de folhas em verde bem claro, o Philodendron hederaceum “Aurea”. Crescimento da planta: até 2,5 m Flores As flores são em espádice, como todas as da família, mas nesta espécie não são a atração principal. Como adubar essa planta? Plantio: Adubo para Plantio - Na aplicação direto no solo, independente da espécie recomendamos usar 200 gramas para cada um metro quadrado. Se for aplicar o adubo misturado na terra para um vaso ou jardineira, a dose é de 5 gramas para cada um litro de terra. E quando a aplicação é na cova de plantio recomendamos a dosagem conforme o tamanho da cova: 30x30x30 cm seria 150 gramas; 40x40x40 cm seria 300 gramas; Espalhar sobre a terra e regar em seguida, ou misturar o produto junto da terra/solo de plantio, revolvendo-a para que o adubo se misture bem. Manutenção: Adubo para Jardim - Para plantas em vasos, jardineiras e forrações a recomendação é diluir 10 gramas em 1 litro de água e regar. E para arbustos, árvores e plantas ornamentais como palmeiras, bambus, árvores e folhagens, a dosagem é de acordo com a altura da planta: até 0,5 metro usa-se 30 gramas; Para vasos, jardineiras e forrações a frequencia é a cada 15 dias. E para arbustos e plantas ornamentais re",https://cdn.awsli.com.br/1200x1200/1982/1982052/produto/147804096/c46c87a512.jpg | https://cdn.awsli.com.br/1200x1200/1982/1982052/produto/147804096/12311194a2.jpg | https://cdn.awsli.com.br/1200x1200/1982/1982052/produto/139835060/34b35c1730.jpg,https://www.plantadelivery.com.br/philodendron-coracao
Philodendron Costelinha / Guaimbê,PD122126,89.9,79.9,Disponível,Planta Delivery,,"Tamanho aproximado: 0,50 a 0,80 m Suas folhas são espetaculares! Gigantes, elas são profundamente recortadas, o que a torna uma planta escultural, diferente. Além disso, apresentam uma coloração verde escura e são muito brilhantes. As flores tem pouca ou nenhuma importância ornamental. Pode ser arranjada em vasos para decorações de interiores ou mesmo no jardim, plantada isolada ou em grupos. Confere um ar tropical aos ambientes. Deve ser cultivada em substrato rico em matéria orgânica, com regas regulares, à meia-sombra ou pleno sol. Tolerante a baixas temperaturas. Multiplica-se pela divisão das mudas laterais e por sementes. NOME CIENTÍFICO Philodendron bipinnatifidum NOMES POPULARES Guaimbê, Banana-de-imbê, Banana-de-morcego, Banana-do-mato, Imbê, Costelinha FAMÍLIA Araceae CLIMA Equatorial, Subtropical, Tropical ORIGEM América do Sul, Brasil ALTURA Pode chegar a 4 metros. LUMINOSIDADE Meia Sombra, Sol pleno. CICLO DE VIDA Perene. Imagem Ilustrativa: A planta segue com vaso simples ou torrão. Instruções Básicas: Caro cliente, assim que receber seu produto, retire-o da embalagem e o coloque em seu lugar definitivo de plantio, lembrando sempre que o mesmo deverá ter o dobro do tamanho do torrão da planta para que haja espaço para colocar substrato adicional para um melhor desenvolvimento e não esqueça de ler atentamente as informações de sua planta para um melhor cuidado.",https://cdn.awsli.com.br/1200x1200/1982/1982052/produto/139835060/34b35c1730.jpg | https://cdn.awsli.com.br/1200x1200/1982/1982052/produto/139835060/b8e4020e27.jpg | https://cdn.awsli.com.br/1200x1200/1982/1982052/produto/139835060/e11991b5e2.jpg | https://cdn.awsli.com.br/1200x1200/1982/1982052/produto/147804096/c46c87a512.jpg,https://www.plantadelivery.com.br/philodendron-costelinha-guaimbe
Pingo de Ouro - Caixa com 15 unidades,PD092249,19.9,39.9,Disponível,Planta Delivery,,"NOME CIENTÍFICO Duranta erecta aurea; NOMES POPULARES Pingo-de-ouro, Duranta, Violeteira, Violeteira-dourada. FAMÍLIA Verbenaceae. CLIMA Equatorial, Subtropical, Tropical. ORIGEM América do Sul, Brasil; Imagem Ilustrativa: A planta segue com vaso simples ou torrão. Instruções Básicas Caro cliente, assim que receber seu produto, retire-o da embalagem e o coloque em seu lugar definitivo de plantio, lembrando sempre que o mesmo deverá ter o dobro do tamanho do torrão da planta para que haja espaço para colocar substrato adicional para um melhor desenvolvimento e não esqueça de ler atentamente as informações de sua planta para um melhor cuidado.",https://cdn.awsli.com.br/1200x1200/1982/1982052/produto/138469414/19bfb08f63.jpg | https://cdn.awsli.com.br/1200x1200/1982/1982052/produto/138469414/b729bfc055.jpg | https://cdn.awsli.com.br/1200x1200/1982/1982052/produto/174033709/146cc62d69.jpg | https://cdn.awsli.com.br/1200x1200/1982/1982052/produto/138609282/03311cb540.jpg | https://cdn.awsli.com.br/1200x1200/1982/1982052/produto/174064565/55000e72c0.jpg | https://cdn.awsli.com.br/1200x1200/1982/1982052/produto/174061194/326e1ae25f.jpg,https://www.plantadelivery.com.br/pingo-de-ouro
Pitanga,PD102211,21.65,129.9,Disponível,Planta Delivery,,"Tamanho aproximado: 1,00 m a 1,50 m NOME CIENTÍFICO Eugenia uniflora NOMES POPULARES Pitanga, Pitangueira. Família Myrtaceae. Clima Fruta de clima temperado, mas encontrou regiões com condições climáticas favoráveis no Brasil. Origem Originária da região que se estende desde o Brasil Central até o norte da Argentina. Imagem Ilustrativa: A planta segue com vaso simples ou torrão. Instruções Básicas Caro cliente, assim que receber seu produto, retire-o da embalagem e o coloque em seu lugar definitivo de plantio, lembrando sempre que o mesmo deverá ter o dobro do tamanho do torrão da planta para que haja espaço para colocar substrato adicional para um melhor desenvolvimento e não esqueça de ler atentamente as informações de sua planta para um melhor cuidado.",https://cdn.awsli.com.br/1200x1200/1982/1982052/produto/138701494/5ad30b0a8a.jpg | https://cdn.awsli.com.br/1200x1200/1982/1982052/produto/138701494/aef9968def.jpg,https://www.plantadelivery.com.br/pitanga
Pleomele Fita,PD122101,21.65,129.9,Disponível,Planta Delivery,,"Tamanho aproximado: 0,50 a 0,80 cm É uma planta de uso ambiental ou de ornamentação muito conhecida, principalmente entre pessoas que gostam de cultivar plantas em vasos. Ela tem uma cor esverdeada muito característica de sua espécie. A pleomele reflexa é uma planta que não apresenta nenhum fruto e nenhuma flor característica de sua espécie, portanto faz parte dos tipos de plantas onde as folhas fazem a sua identidade. A Pleomele nome técnico da Dracaena Reflexa é uma planta da família das Liliaceae também conhecida popularmente como Pleomele, dracena-malaia e pau-d'água. A planta é perene e de origem africana, das Ilhas Mascarenhas e de Madagascar. Quando cultivada de forma correta de condições boas tanto de umidade quanto de iluminação, a Pleomele pode crescer até 3 metros e meio de altura, portanto pode ser considerada uma planta de médio/alto porte. NOME CIENTÍFICO Dracaena reflexa 'Anita' NOME POPULAR dracena Anita FAMÍLIA Asparagaceae CLIMA Aprecia clima tropical e subtropical que tenha umidade do ar elevada, não gosta de ar salino. ORIGEM Planta modificada geneticamente em laboratórios. ALTURA Pode chegar a 3 metros. LUMINOSIDADE Meia sombra, não suporta luz direta do sol nas horas mais quentes do dia. CICLO DE VIDA Perene. Imagem Ilustrativa: A planta segue com vaso simples ou torrão. Instruções Básicas: Caro cliente, assim que receber seu produto, retire-o da embalagem e o coloque em seu lugar definitivo de plantio, lembrando sempre que o mesmo deverá ter o dobro do tamanho do torrão da planta para que haja espaço para colocar substrato adicional para um melhor desenvolvimento e não esqueça de ler atentamente as informações de sua planta para um melhor cuidado.",https://cdn.awsli.com.br/1200x1200/1982/1982052/produto/139805639/26a90cc495.jpg | https://cdn.awsli.com.br/1200x1200/1982/1982052/produto/139805639/4369a264dc.jpg | https://cdn.awsli.com.br/1200x1200/1982/1982052/produto/139805639/1c339d2cdb.jpg | https://cdn.awsli.com.br/1200x1200/1982/1982052/produto/135900555/5766c3d154.jpg | https://cdn.awsli.com.br/1200x1200/1982/1982052/produto/139838078/a99269db16.jpg | https://cdn.awsli.com.br/1200x1200/1982/1982052/produto/135822450/c23eb1f352.jpg,https://www.plantadelivery.com.br/pleomele-fita
Pleomele Limão,PD122134,79.9,89.9,Disponível,Planta Delivery,,"Tamanho aproximado : 0,50 a 0,70 m A pleomele é uma planta arbustiva, de textura semi-lenhosa e amplamente utilizada no paisagismo e na decoração de interiores. Seu caule é ereto, ramificado e atinge uma altura média de 2 a 3 metros, embora possa atingir 6 metros no seu habitat de origem. As folhas são simples, coriáceas, ligeiramente onduladas, de cor verde-oliva escuro, dispostas em espiral ao longo do ramos. Ocorrem ainda outras variedades, com destaque para duas cultivares variegadas: a “Song of India”, com folhas de margens cor verde-limão, e a “Song of Jamaica”, de margens cor branco-creme. As flores pequenas e brancas surgem no final do inverno reunidas em inflorescências terminais e, assim como os frutos, não têm importância ornamental. A pleomele é uma planta tropical muito vistosa e de crescimento moderado. No jardim ela pode ser plantada isolada, em grupos ou em renques. Elas são rústicas e quando podadas corretamente podem formar ótimas cercas vivas. Envasadas, elas podem ser utilizadas em ambientes internos, onde são muito apreciadas na decoração por sua beleza e tolerância às condições de baixa luminosidade. No entanto, esta tolerância deve ser sempre testada e é sabido que as pleomeles não variegadas são um pouco mais resistentes que as formas variegadas. Na dúvida o crescimento da planta deve ser monitorado, pois caso ela comece a perder as folhas e estiolar (crescer muito rápido em altura) é sinal de que está faltando luz. A pleomele é uma das plantas recomendadas para purificação do ar em interiores, de acordo com a Plants for Clean Air Council (PCAC), organização que resultou de um projeto de pesquisa originalmente conduzido pela NASA em conjunto com a Associação de Empreiteiros de Paisagismos dos Estados Unidos. A pleomele é considerada eficiente na remoção de compostos tóxicos do ar como formaldeído, benzeno, tolueno, xileno e tricloroetileno. Deve ser cultivada sob sol pleno, meia-sombra ou luz difusa, em solo fértil, drenável, enriquecido com ",https://cdn.awsli.com.br/1200x1200/1982/1982052/produto/139838078/a99269db16.jpg | https://cdn.awsli.com.br/1200x1200/1982/1982052/produto/139838078/da0cb2cf02.jpg | https://cdn.awsli.com.br/1200x1200/1982/1982052/produto/135900555/5766c3d154.jpg | https://cdn.awsli.com.br/1200x1200/1982/1982052/produto/139805639/26a90cc495.jpg | https://cdn.awsli.com.br/1200x1200/1982/1982052/produto/135822450/c23eb1f352.jpg | https://cdn.awsli.com.br/1200x1200/1982/1982052/produto/138695536/7fcf1a1268.jpg,https://www.plantadelivery.com.br/pleomele-limao
Pleomele Variegata / Canção-da-Índia,PD122130,26.65,159.9,Disponível,Planta Delivery,,"A pleomele é uma planta arbustiva, de textura semi-lenhosa e amplamente utilizada no paisagismo e na decoração de interiores. Seu caule é ereto, ramificado e atinge uma altura média de 2 a 3 metros, embora possa atingir 6 metros no seu habitat de origem. As folhas são simples, coriáceas, ligeiramente onduladas, de cor verde-oliva escuro, dispostas em espiral ao longo do ramos. Ocorrem ainda outras variedades, com destaque para duas cultivares variegadas: a “Song of India”, com folhas de margens cor verde-limão, e a “Song of Jamaica”, de margens cor branco-creme. As flores pequenas e brancas surgem no final do inverno reunidas em inflorescências terminais e, assim como os frutos, não têm importância ornamental. A pleomele é uma planta tropical muito vistosa e de crescimento moderado. No jardim ela pode ser plantada isolada, em grupos ou em renques. Elas são rústicas e quando podadas corretamente podem formar ótimas cercas vivas. Envasadas, elas podem ser utilizadas em ambientes internos, onde são muito apreciadas na decoração por sua beleza e tolerância às condições de baixa luminosidade. No entanto, esta tolerância deve ser sempre testada e é sabido que as pleomeles não variegadas são um pouco mais resistentes que as formas variegadas. Na dúvida o crescimento da planta deve ser monitorado, pois caso ela comece a perder as folhas e estiolar (crescer muito rápido em altura) é sinal de que está faltando luz. A pleomele é uma das plantas recomendadas para purificação do ar em interiores, de acordo com a Plants for Clean Air Council (PCAC), organização que resultou de um projeto de pesquisa originalmente conduzido pela NASA em conjunto com a Associação de Empreiteiros de Paisagismos dos Estados Unidos. A pleomele é considerada eficiente na remoção de compostos tóxicos do ar como formaldeído, benzeno, tolueno, xileno e tricloroetileno. Deve ser cultivada sob sol pleno, meia-sombra ou luz difusa, em solo fértil, drenável, enriquecido com matéria orgânica e irrigado regular",https://cdn.awsli.com.br/1200x1200/1982/1982052/produto/135822450/c23eb1f352.jpg | https://cdn.awsli.com.br/1200x1200/1982/1982052/produto/135822450/b7d428415a.jpg | https://cdn.awsli.com.br/1200x1200/1982/1982052/produto/135900555/5766c3d154.jpg | https://cdn.awsli.com.br/1200x1200/1982/1982052/produto/139838078/a99269db16.jpg | https://cdn.awsli.com.br/1200x1200/1982/1982052/produto/139805639/26a90cc495.jpg | https://cdn.awsli.com.br/1200x1200/1982/1982052/produto/138537441/4c2e717b7c.jpg,https://www.plantadelivery.com.br/pleomele-variegata-cancao-da-india
Pleomele Verde,PD122133,24.98,149.9,Disponível,Planta Delivery,,"A pleomele é uma planta arbustiva, de textura semi-lenhosa e amplamente utilizada no paisagismo e na decoração de interiores. Seu caule é ereto, ramificado e atinge uma altura média de 2 a 3 metros, embora possa atingir 6 metros no seu habitat de origem. As folhas são simples, coriáceas, ligeiramente onduladas, de cor verde-oliva escuro, dispostas em espiral ao longo do ramos. Ocorrem ainda outras variedades, com destaque para duas cultivares variegadas: a “Song of India”, com folhas de margens cor verde-limão, e a “Song of Jamaica”, de margens cor branco-creme. As flores pequenas e brancas surgem no final do inverno reunidas em inflorescências terminais e, assim como os frutos, não têm importância ornamental. A pleomele é uma planta tropical muito vistosa e de crescimento moderado. No jardim ela pode ser plantada isolada, em grupos ou em renques. Elas são rústicas e quando podadas corretamente podem formar ótimas cercas vivas. Envasadas, elas podem ser utilizadas em ambientes internos, onde são muito apreciadas na decoração por sua beleza e tolerância às condições de baixa luminosidade. No entanto, esta tolerância deve ser sempre testada e é sabido que as pleomeles não variegadas são um pouco mais resistentes que as formas variegadas. Na dúvida o crescimento da planta deve ser monitorado, pois caso ela comece a perder as folhas e estiolar (crescer muito rápido em altura) é sinal de que está faltando luz. A pleomele é uma das plantas recomendadas para purificação do ar em interiores, de acordo com a Plants for Clean Air Council (PCAC), organização que resultou de um projeto de pesquisa originalmente conduzido pela NASA em conjunto com a Associação de Empreiteiros de Paisagismos dos Estados Unidos. A pleomele é considerada eficiente na remoção de compostos tóxicos do ar como formaldeído, benzeno, tolueno, xileno e tricloroetileno. Deve ser cultivada sob sol pleno, meia-sombra ou luz difusa, em solo fértil, drenável, enriquecido com matéria orgânica e irrigado regular",https://cdn.awsli.com.br/1200x1200/1982/1982052/produto/135900555/5766c3d154.jpg | https://cdn.awsli.com.br/1200x1200/1982/1982052/produto/135900555/4149075ebc.jpg | https://cdn.awsli.com.br/1200x1200/1982/1982052/produto/139838078/a99269db16.jpg | https://cdn.awsli.com.br/1200x1200/1982/1982052/produto/139805639/26a90cc495.jpg | https://cdn.awsli.com.br/1200x1200/1982/1982052/produto/135822450/c23eb1f352.jpg,https://www.plantadelivery.com.br/pleomele-verde
Comigo Ninguém Pode  - P15,XPZGN72C8,159.9,69.9,Disponível,Planta Delivery,,"Dieffenbachia seguine, conhecida pelos nomes comuns de comigo-ninguém-pode e aningapara, é uma planta da família das Araceae muito apreciada como ornamental de interiores, dada a sua tolerância à baixa luminosidade ambiente e baixa umidade relativa do ar. NOME CIENTÍFICO Dieffenbachia amoena; NOMES POPULARES Comigo-ninguém-pode, Difembáquia. FAMÍLIA Araceae. CLIMA Equatorial, Subtropical, Tropical. ORIGEM América Central. Imagem Ilustrativa: A planta segue com vaso simples ou torrão. Instruções Básicas Caro cliente, assim que receber seu produto, retire-o da embalagem e o coloque em seu lugar definitivo de plantio, lembrando sempre que o mesmo deverá ter o dobro do tamanho do torrão da planta para que haja espaço para colocar substrato adicional para um melhor desenvolvimento e não esqueça de ler atentamente as informações de sua planta para um melhor cuidado.",https://cdn.awsli.com.br/1200x1200/1982/1982052/produto/147644198/df92d22e0c.jpg | https://cdn.awsli.com.br/1200x1200/1982/1982052/produto/177276726/ccd0711cb8.jpg | https://cdn.awsli.com.br/1200x1200/1982/1982052/produto/138622745/ddcf83fbd6.jpg | https://cdn.awsli.com.br/1200x1200/1982/1982052/produto/137872919/793af02460.jpg | https://cdn.awsli.com.br/1200x1200/1982/1982052/produto/137874114/ca6b51ed3b.jpg,https://www.plantadelivery.com.br/po1nqarsk-comigo-ninguem-pode-p17
Podocarpo,PD0922127,79.9,79.9,Disponível,Planta Delivery,,"NOME CIENTÍFICO Podocarpus macrophyllus; NOMES POPULARES podocarpo, podocarpus. FAMÍLIA Verbenaceae. CLIMA Subtropical, Tropical. ORIGEM Ásia; Imagem Ilustrativa: A planta segue com vaso simples ou torrão. Instruções Básicas Caro cliente, assim que receber seu produto, retire-o da embalagem e o coloque em seu lugar definitivo de plantio, lembrando sempre que o mesmo deverá ter o dobro do tamanho do torrão da planta para que haja espaço para colocar substrato adicional para um melhor desenvolvimento e não esqueça de ler atentamente as informações de sua planta para um melhor cuidado.",https://cdn.awsli.com.br/1200x1200/1982/1982052/produto/138578017/e8edeb7bf6.jpg | https://cdn.awsli.com.br/1200x1200/1982/1982052/produto/138578017/11521c4979.jpg,https://www.plantadelivery.com.br/podocarpo
Mini Ixora Amarela - Caixa com 15 unidades,PD092250-Q0OI97AVI,49.9,64.9,Disponível,Planta Delivery,,"NOME CIENTÍFICO Ixora chinensis; NOMES POPULARES Ixora-chinesa, Alfinete-gigante, Ixora-vermelha, Ixória-chinesa; FAMÍLIA Rubiaceae; CLIMA Equatorial, Oceânico, Subtropical, Tropical; ORIGEM Ásia, China, Malásia; Imagem Ilustrativa: A planta segue com vaso simples ou torrão. Instruções Básicas Caro cliente, assim que receber seu produto, retire-o da embalagem e o coloque em seu lugar definitivo de plantio, lembrando sempre que o mesmo deverá ter o dobro do tamanho do torrão da planta para que haja espaço para colocar substrato adicional para um melhor desenvolvimento e não esqueça de ler atentamente as informações de sua planta para um melhor cuidado.",https://cdn.awsli.com.br/1200x1200/1982/1982052/produto/358012547/23e985a827-097nqtxsbf.jpg | https://cdn.awsli.com.br/1200x1200/1982/1982052/produto/358012547/e557b8ae58-7sxfz4yc64.jpg | https://cdn.awsli.com.br/1200x1200/1982/1982052/produto/138504801/5d4a75cb7b.jpg | https://cdn.awsli.com.br/1200x1200/1982/1982052/produto/138469729/33f587bb4d.jpg | https://cdn.awsli.com.br/1200x1200/1982/1982052/produto/174033709/146cc62d69.jpg | https://cdn.awsli.com.br/1200x1200/1982/1982052/produto/138609282/03311cb540.jpg,https://www.plantadelivery.com.br/q0oi97avi-mini-ixora-vermelha-caixa-com-15-unidades
Rabo de Gato,PD122102,49.9,49.9,Disponível,Planta Delivery,,"Tamanho aproximado: 0,50 a 0,80 m Acalifa-macarrão é um arbusto de flores muito interessantes, principalmente para as crianças, pela sua textura peluciada e aparência de rabo-de-gato. As folhas são grandes e ovais, com bordas serrilhadas. A floração pode se estender pelo ano todo, e as flores, que chegam a 50 cm, podem ser vermelhas, roxas ou branco-creme. A Acalifa-macarrão pode ser plantada isolada, em grupos ou renques junto a muros, assim como em vasos, sendo que nestes casos seu porte se torna reduzido. Devem ser cultivadas sob meia sombra, em solo fértil, drenável, enriquecido com matéria orgânica e regado regularmente. Não é tolerante às geadas. Multiplica-se por estaquia. NOME CIENTÍFICO Acalypha hispida NOMES POPULARES Acalifa-macarrão, Macarrão, Rabo-de-Gato, Rabo-de-gato-vermelho FAMÍLIA Euphorbiaceae CLIMA Equatorial, Subtropical, Tropical ORIGEM Ásia, Índia ALTURA Pode chegar a 3 metros. LUMINOSIDADE Luz Difusa, Meia Sombra CICLO DE VIDA Perene. Imagem Ilustrativa: A planta segue com vaso simples ou torrão. Instruções Básicas: Caro cliente, assim que receber seu produto, retire-o da embalagem e o coloque em seu lugar definitivo de plantio, lembrando sempre que o mesmo deverá ter o dobro do tamanho do torrão da planta para que haja espaço para colocar substrato adicional para um melhor desenvolvimento e não esqueça de ler atentamente as informações de sua planta para um melhor cuidado.",https://cdn.awsli.com.br/1200x1200/1982/1982052/produto/139806253/71ee0adbaa.jpg | https://cdn.awsli.com.br/1200x1200/1982/1982052/produto/139806253/f7c74c8188.jpg | https://cdn.awsli.com.br/1200x1200/1982/1982052/produto/138471948/5dda229ef5.jpg | https://cdn.awsli.com.br/1200x1200/1982/1982052/produto/138463610/445f2cb3f5.jpg | https://cdn.awsli.com.br/1200x1200/1982/1982052/produto/135821395/73051d5151.jpg | https://cdn.awsli.com.br/1200x1200/1982/1982052/produto/138551260/9d80068874.jpg,https://www.plantadelivery.com.br/rabo-de-gato
Renda Portuguesa,PD0922124,89.9,89.9,Disponível,Planta Delivery,,"NOME CIENTÍFICO Davalia fejeensis; NOMES POPULARES Renda-portuguesa, Samambaia-pé-de-coelho. FAMÍLIA Davalliaceae. CLIMA Equatorial, Subtropical, Tropical. ORIGEM Austrália, Ilhas Fiji, Oceania; Imagem Ilustrativa: A planta segue com vaso simples ou torrão. Instruções Básicas Caro cliente, assim que receber seu produto, retire-o da embalagem e o coloque em seu lugar definitivo de plantio, lembrando sempre que o mesmo deverá ter o dobro do tamanho do torrão da planta para que haja espaço para colocar substrato adicional para um melhor desenvolvimento e não esqueça de ler atentamente as informações de sua planta para um melhor cuidado.",https://cdn.awsli.com.br/1200x1200/1982/1982052/produto/138551424/76d8eeded7.jpg | https://cdn.awsli.com.br/1200x1200/1982/1982052/produto/138549075/dfb2fd1ca0.jpg | https://cdn.awsli.com.br/1200x1200/1982/1982052/produto/175368994/da59d7899c.jpg,https://www.plantadelivery.com.br/renda-portuguesa
Ripsalis,PD0922106,79.9,79.9,Disponível,Planta Delivery,,"NOME CIENTÍFICO Rhipsalis baccifera; NOMES POPULARES Ripsális, Cacto-macarrão. FAMÍLIA Cactaceae. CLIMA Equatorial, Subtropical, Tropical. ORIGEM África, América Central, América do Norte, América do Sul, Ásia, Oceania; Imagem Ilustrativa: A planta segue com vaso simples ou torrão. Instruções Básicas Caro cliente, assim que receber seu produto, retire-o da embalagem e o coloque em seu lugar definitivo de plantio, lembrando sempre que o mesmo deverá ter o dobro do tamanho do torrão da planta para que haja espaço para colocar substrato adicional para um melhor desenvolvimento e não esqueça de ler atentamente as informações de sua planta para um melhor cuidado.",https://cdn.awsli.com.br/1200x1200/1982/1982052/produto/138540955/14879c1df3.jpg,https://www.plantadelivery.com.br/ripsalis
Romã,PD102210,19.98,119.9,Disponível,Planta Delivery,,"Tamanho aproximado: 1,00 m a 1,50 m NOME CIENTÍFICO Punica granatum NOMES POPULARES Romã, Romãzeira, Romeira, Romeira-da-granada... Família Punicaceae. Clima Adapta-se muito bem em regiões de climas tropical e subtropical.. Origem Oriente Médio. Imagem Ilustrativa: A planta segue com vaso simples ou torrão. Instruções Básicas Caro cliente, assim que receber seu produto, retire-o da embalagem e o coloque em seu lugar definitivo de plantio, lembrando sempre que o mesmo deverá ter o dobro do tamanho do torrão da planta para que haja espaço para colocar substrato adicional para um melhor desenvolvimento e não esqueça de ler atentamente as informações de sua planta para um melhor cuidado.",https://cdn.awsli.com.br/1200x1200/1982/1982052/produto/138699785/b3b620a959.jpg | https://cdn.awsli.com.br/1200x1200/1982/1982052/produto/138699785/49541eaa3d.jpg,https://www.plantadelivery.com.br/roma
Rosa Do Deserto Pote 15 - Cores Sortidas - Simples / Dobrada,PD012308,19.9,59.9,Disponível,Planta Delivery,,"A Rosa do Deserto (Adenium obesum) é um arbusto da família Apocynaceae, nativo do sul da África e da Península Arábica. É uma planta perene e suculenta, que pode atingir entre 1 a 3 metros de altura em condições favoráveis. Descrição O caule é grosso na base, especializado em armazenar água e nutrientes essenciais para o desenvolvimento da planta em períodos de seca. O caule (caudex) é gordo, tortuoso e único em cada planta. As folhas são dispostas em espiral e agrupadas nas pontas dos ramos. Elas são coriáceas, de forma elíptica ou espatulada, com uma cor verde e nervura central bem definida. As flores são tubulares, simples, com cinco pétalas, e variam em cores que vão do branco a diversos tons de rosa, vinho escuro e vermelho. Existem muitas variedades com flores dobradas, mescladas e em degrade. As flores surgem na primavera, mas podem aparecer também no verão e no outono. Em paisagismo, a Rosa do Deserto é utilizada em jardins desérticos, áridos, de pedras, e em vasos na decoração de interiores. Cuidados com a Rosa do Deserto Clima: Continental, Equatorial, Mediterrâneo, Semiárido, Subtropical e Tropical. Não tolera temperaturas muito baixas. Cultive-a em pleno sol, em solo solto, leve, acrescido de matéria orgânica e bem drenado. Em geral, recomenda-se regar uma vez por semana e reduzir a quantidade de água no inverno. Solos encharcados podem causar a ""podridão"" das raízes, o que pode ser fatal para a planta. *Imagem Ilustrativa:* A planta é enviada com vaso simples ou torrão. Instruções Básicas Caro(a) cliente, ao receber seu produto, retire-o da embalagem e coloque-o em seu local definitivo de plantio. Lembre-se de que o espaço para plantio deve ser o dobro do tamanho do torrão da planta, para que haja espaço para colocar substrato adicional e favorecer o melhor desenvolvimento. Não esqueça de ler atentamente as informações de cuidado da sua planta. Observação: Não garantimos a presença de flores no momento do envio. As plantas podem ser enviadas com flores,",https://cdn.awsli.com.br/1200x1200/1982/1982052/produto/178247481/6970a87479.jpg | https://cdn.awsli.com.br/1200x1200/1982/1982052/produto/178247481/d40eb2d8ce.jpg | https://cdn.awsli.com.br/1200x1200/1982/1982052/produto/178247481/646eff5e8f.jpg | https://cdn.awsli.com.br/1200x1200/1982/1982052/produto/174033709/146cc62d69.jpg | https://cdn.awsli.com.br/1200x1200/1982/1982052/produto/138609282/03311cb540.jpg | https://cdn.awsli.com.br/1200x1200/1982/1982052/produto/174064565/55000e72c0.jpg | https://cdn.awsli.com.br/1200x1200/1982/1982052/produto/174061194/326e1ae25f.jpg,https://www.plantadelivery.com.br/rosa-do-deserto
Roseira Trepadeira,PD092205,24.98,149.9,Disponível,Planta Delivery,,"NOME CIENTÍFICO Rosa wichuraiana; NOMES POPULARES Rosa, roseira, roseira-grandiflora, rosa-arbustiva, rosa-miniatura, mini-rosa, roseira-miniatura, rosa-silvestre, roseira-trepadeira, roseira-rugosa; FAMÍLIA Rosaceae. CLIMA Se desenvolve muito bem quando cultivada em clima temperado e exposta por pelo menos 6 horas em sol pleno. ORIGEM Japão; Imagem Ilustrativa: A planta segue com vaso simples ou torrão. Instruções Básicas Caro cliente, assim que receber seu produto, retire-o da embalagem e o coloque em seu lugar definitivo de plantio, lembrando sempre que o mesmo deverá ter o dobro do tamanho do torrão da planta para que haja espaço para colocar substrato adicional para um melhor desenvolvimento e não esqueça de ler atentamente as informações de sua planta para um melhor cuidado.",https://cdn.awsli.com.br/1200x1200/1982/1982052/produto/138433102/235b0cf9fc.jpg | https://cdn.awsli.com.br/1200x1200/1982/1982052/produto/138433102/0e83cc95e0.jpg | https://cdn.awsli.com.br/1200x1200/1982/1982052/produto/138433629/6f15ead247.jpg,https://www.plantadelivery.com.br/roseira-trepadeira
Sagu Adulto,8EDQNHZJW,74.98,449.9,Disponível,Planta Delivery,,"Tamanho aproximado: 1,00 a 1,50 m Vedete dos jardins contemporâneos e tropicais, a cica se parece com uma pequena palmeira. Suas folhas são longas, rígidas e brilhantes, compostos por folíolos pontiagudos. É uma planta dióica, de origem pré-histórica, com crescimento bastante lento, o que a torna muito valorizada no mercado. Quanto mais velho o exemplar, maior valor alcança. Os ovários, que ficam protegidos no topo da planta fêmea durante a floração, são muito difíceis de serem polinizados, desta forma, praticamente 100% dos frutos obtidos no jardim residencial são estéreis. As plantas do sexo masculino são raras em cultivo. No paisagismo, vai bem como planta isolada e em conjuntos no jardim ou em vasos. Deve ser cultivada a pleno sol ou meia-sombra, em terra de jardim enriquecida com composto orgânico e areia, formando uma mistura leve e permeável. As regas devem ser regulares. É muito rústica, mas pode ficar suscetível a cochonilhas em locais de pouca luminosidade. Multiplica-se por separação das mudas formadas entorno da planta mãe. A multiplicação por sementes é muito difícil e só é interessante comercialmente, pois exige tecnologia e pessoal especializado. NOME CIENTÍFICO Cycas revoluta NOMES POPULARES Cica, Palmeira-sagu, Sagu FAMÍLIA Cicadaceae CLIMA Equatorial, Oceânico, Subtropical, Tropical ORIGEM Ásia, Indonésia, Japão. ALTURA Pode chegar a 4 metros. LUMINOSIDADE Meia Sombra, Sol pleno. CICLO DE VIDA Perene. Imagem Ilustrativa: A planta segue com vaso simples ou torrão. Instruções Básicas: Caro cliente, assim que receber seu produto, retire-o da embalagem e o coloque em seu lugar definitivo de plantio, lembrando sempre que o mesmo deverá ter o dobro do tamanho do torrão da planta para que haja espaço para colocar substrato adicional para um melhor desenvolvimento e não esqueça de ler atentamente as informações de sua planta para um melhor cuidado.",https://cdn.awsli.com.br/1200x1200/1982/1982052/produto/154432903/0076a6928f.jpg | https://cdn.awsli.com.br/1200x1200/1982/1982052/produto/154432903/53e207a04e.jpg,https://www.plantadelivery.com.br/sagu-adulto
Salvia Anã,PD092292,199.9,39.9,Disponível,Planta Delivery,,"NOME CIENTÍFICO Salvia splendens; NOMES POPULARES Sálvia; Alegria-dos-jardins; Sangue-de-adão; FAMÍLIA Labiatae. CLIMA Tropical, Subtropical Equatorial, Mediterrâneo. ORIGEM Brasil; Imagem Ilustrativa: A planta segue com vaso simples ou torrão. Instruções Básicas Caro cliente, assim que receber seu produto, retire-o da embalagem e o coloque em seu lugar definitivo de plantio, lembrando sempre que o mesmo deverá ter o dobro do tamanho do torrão da planta para que haja espaço para colocar substrato adicional para um melhor desenvolvimento e não esqueça de ler atentamente as informações de sua planta para um melhor cuidado.",https://cdn.awsli.com.br/1200x1200/1982/1982052/produto/138527455/87d5ea568f.jpg | https://cdn.awsli.com.br/1200x1200/1982/1982052/produto/138527455/f28b2669f8.jpg | https://cdn.awsli.com.br/1200x1200/1982/1982052/produto/138465263/d5cb92cb8a.jpg | https://cdn.awsli.com.br/1200x1200/1982/1982052/produto/138527955/a9bea4721f.jpg,https://www.plantadelivery.com.br/salvia-ana
Samambaia Americana,PD0922113,129.9,89.9,Disponível,Planta Delivery,,"NOME CIENTÍFICO Nephrolepis exaltata; NOMES POPULARES Samambaia-americana, Lâmina-de-espada, Samambaia-de-boston, Samambaia-espada; FAMÍLIA Davalliaceae. CLIMA Equatorial, Tropical, Subtropical. ORIGEM África, América Central, América do Norte, América do Sul, Ásia, Indonésia; Imagem Ilustrativa: A planta segue com vaso simples ou torrão. Instruções Básicas Caro cliente, assim que receber seu produto, retire-o da embalagem e o coloque em seu lugar definitivo de plantio, lembrando sempre que o mesmo deverá ter o dobro do tamanho do torrão da planta para que haja espaço para colocar substrato adicional para um melhor desenvolvimento e não esqueça de ler atentamente as informações de sua planta para um melhor cuidado.",https://cdn.awsli.com.br/1200x1200/1982/1982052/produto/138546998/8343c377e5.jpg | https://cdn.awsli.com.br/1200x1200/1982/1982052/produto/139836934/4ad4cd4904.jpg | https://cdn.awsli.com.br/1200x1200/1982/1982052/produto/138547402/c0d1d7487d.jpg | https://cdn.awsli.com.br/1200x1200/1982/1982052/produto/138540579/b3e2c28a8c.jpg | https://cdn.awsli.com.br/1200x1200/1982/1982052/produto/137244634/afc6fed5ed.jpg,https://www.plantadelivery.com.br/samambaia-americana
Samambaia Chorona,PD0922114,129.9,89.9,Disponível,Planta Delivery,,"NOME CIENTÍFICO Polypodium Persicifolium; NOMES POPULARES Samambaia Chorona, Samambaia de metro;; FAMÍLIA Davalliaceae. CLIMA Equatorial, Tropical, Subtropical. ORIGEM África, América Central, América do Norte, América do Sul, Ásia, Indonésia; Imagem Ilustrativa: A planta segue com vaso simples ou torrão. Instruções Básicas Caro cliente, assim que receber seu produto, retire-o da embalagem e o coloque em seu lugar definitivo de plantio, lembrando sempre que o mesmo deverá ter o dobro do tamanho do torrão da planta para que haja espaço para colocar substrato adicional para um melhor desenvolvimento e não esqueça de ler atentamente as informações de sua planta para um melhor cuidado.",https://cdn.awsli.com.br/1200x1200/1982/1982052/produto/138547402/c0d1d7487d.jpg | https://cdn.awsli.com.br/1200x1200/1982/1982052/produto/139836934/4ad4cd4904.jpg | https://cdn.awsli.com.br/1200x1200/1982/1982052/produto/138546998/8343c377e5.jpg | https://cdn.awsli.com.br/1200x1200/1982/1982052/produto/138540579/b3e2c28a8c.jpg | https://cdn.awsli.com.br/1200x1200/1982/1982052/produto/137244634/afc6fed5ed.jpg,https://www.plantadelivery.com.br/samambaia-chorona
Samambaia Crespa,PD0922105,129.9,89.9,Disponível,Planta Delivery,,"NOME CIENTÍFICO Polypodium aureum “Mandaianum”;; NOMES POPULARES Samambaia-amazonas; Samambaia Crespa, Samambaia Mandaiana; FAMÍLIA Polipodiaceae; CLIMA Típica de climas tropicais ORIGEM Austrália e praticamente em toda América; Imagem Ilustrativa: A planta segue com vaso simples ou torrão. Instruções Básicas Caro cliente, assim que receber seu produto, retire-o da embalagem e o coloque em seu lugar definitivo de plantio, lembrando sempre que o mesmo deverá ter o dobro do tamanho do torrão da planta para que haja espaço para colocar substrato adicional para um melhor desenvolvimento e não esqueça de ler atentamente as informações de sua planta para um melhor cuidado.",https://cdn.awsli.com.br/1200x1200/1982/1982052/produto/138540579/b3e2c28a8c.jpg | https://cdn.awsli.com.br/1200x1200/1982/1982052/produto/139836934/4ad4cd4904.jpg | https://cdn.awsli.com.br/1200x1200/1982/1982052/produto/138547402/c0d1d7487d.jpg | https://cdn.awsli.com.br/1200x1200/1982/1982052/produto/138546998/8343c377e5.jpg | https://cdn.awsli.com.br/1200x1200/1982/1982052/produto/137244634/afc6fed5ed.jpg,https://www.plantadelivery.com.br/samambaia-crespa
Sapatinho da Judia,PD092207,19.98,119.9,Disponível,Planta Delivery,,"NOME CIENTÍFICO Thunbergia mysorensis; NOMES POPULARES Sapatinho-de-judia FAMÍLIA Acanthaceae; CLIMA Equatorial, Subtropical, Tropical ORIGEM Ásia, Índia Imagem Ilustrativa: A planta segue com vaso simples ou torrão. Instruções Básicas Caro cliente, assim que receber seu produto, retire-o da embalagem e o coloque em seu lugar definitivo de plantio, lembrando sempre que o mesmo deverá ter o dobro do tamanho do torrão da planta para que haja espaço para colocar substrato adicional para um melhor desenvolvimento e não esqueça de ler atentamente as informações de sua planta para um melhor cuidado.",https://cdn.awsli.com.br/1200x1200/1982/1982052/produto/138434404/10b75db689.jpg | https://cdn.awsli.com.br/1200x1200/1982/1982052/produto/138434404/b5df89728b.jpg,https://www.plantadelivery.com.br/sapatinho-da-judia
Sete Léguas,PD092209,89.9,89.9,Disponível,Planta Delivery,,"NOME CIENTÍFICO Podranea ricasoliana; NOMES POPULARES Sete-léguas FAMÍLIA Bignoniaceae; CLIMA Equatorial, Subtropical, Tropical ORIGEM Oceania Imagem Ilustrativa: A planta segue com vaso simples ou torrão. Instruções Básicas Caro cliente, assim que receber seu produto, retire-o da embalagem e o coloque em seu lugar definitivo de plantio, lembrando sempre que o mesmo deverá ter o dobro do tamanho do torrão da planta para que haja espaço para colocar substrato adicional para um melhor desenvolvimento e não esqueça de ler atentamente as informações de sua planta para um melhor cuidado.",https://cdn.awsli.com.br/1200x1200/1982/1982052/produto/138435460/5c273a128f.jpg | https://cdn.awsli.com.br/1200x1200/1982/1982052/produto/138435460/be659568f8.jpg,https://www.plantadelivery.com.br/sete-leguas
Suculentas Diversas - Caixa 15 unidades,VEPB8FM5T,159.9,79.9,Disponível,Planta Delivery,,"Caixa de mudas de suculentas diversas no pote número 6, este kit e indicado para lembrancinhas, de casamento, aniversário, batizados etc. Frete Grátis Rio de Janeiro",https://cdn.awsli.com.br/1200x1200/1982/1982052/produto/180863058/833bc7fc00.jpg | https://cdn.awsli.com.br/1200x1200/1982/1982052/produto/180863058/21840ee631.jpg | https://cdn.awsli.com.br/1200x1200/1982/1982052/produto/180863524/65abc56969.jpg | https://cdn.awsli.com.br/1200x1200/1982/1982052/produto/180865162/29f216da8d.jpg | https://cdn.awsli.com.br/1200x1200/1982/1982052/produto/136949973/f605191575.jpg | https://cdn.awsli.com.br/1200x1200/1982/1982052/produto/174033709/146cc62d69.jpg,https://www.plantadelivery.com.br/suculentas-diversas-caixa-15-unidades
Suculentas Diversas Especiais - Caixa 12 unidades,VFH6VPQML,26.65,159.9,Disponível,Planta Delivery,,"Caixa de mudas de suculentas diversas no pote número 6, este kit e indicado para lembrancinhas, de casamento, aniversário, batizados etc. Frete Grátis Rio de Janeiro",https://cdn.awsli.com.br/1200x1200/1982/1982052/produto/180863524/65abc56969.jpg | https://cdn.awsli.com.br/1200x1200/1982/1982052/produto/180863524/7068134302.jpg | https://cdn.awsli.com.br/1200x1200/1982/1982052/produto/180863524/96ead461e2.jpg | https://cdn.awsli.com.br/1200x1200/1982/1982052/produto/180863524/d202a9b209.jpg | https://cdn.awsli.com.br/1200x1200/1982/1982052/produto/180863058/833bc7fc00.jpg | https://cdn.awsli.com.br/1200x1200/1982/1982052/produto/136949973/f605191575.jpg | https://cdn.awsli.com.br/1200x1200/1982/1982052/produto/180865162/29f216da8d.jpg,https://www.plantadelivery.com.br/suculentas-diversas-especiais
Ficus Lyrata,PD202206-T0J2VHVJG,18.31,109.9,Disponível,Planta Delivery,,"Tamanho aproximado de 50 a 70cm. NOME CIENTÍFICO Ficus lyrata NOMES POPULARES Figueira-lira, Ficus-lira, Figueira-violino. FAMÍLIA Moraceae CLIMA Equatorial, Mediterrâneo, Subtropical, Tropical. ORIGEM África, Camarões, Serra Leoa. Imagem Ilustrativa: A planta segue com vaso simples ou torrão. Instruções Básicas Caro cliente, assim que receber seu produto, retire-o da embalagem e o coloque em seu lugar definitivo de plantio, lembrando sempre que o mesmo deverá ter o dobro do tamanho do torrão da planta para que haja espaço para colocar substrato adicional para um melhor desenvolvimento e não esqueça de ler atentamente as informações de sua planta para um melhor cuidado.",https://cdn.awsli.com.br/1200x1200/1982/1982052/produto/147643482/cf48b2f42e.jpg | https://cdn.awsli.com.br/1200x1200/1982/1982052/produto/140322867/c4504fb0b8.jpg | https://cdn.awsli.com.br/1200x1200/1982/1982052/produto/138622230/8b653d2d26.jpg | https://cdn.awsli.com.br/1200x1200/1982/1982052/produto/149879847/0d297364c1.jpg,https://www.plantadelivery.com.br/t0j2vhvjg-ficus-lyrata
Tagetes Anão - Caixa com 15 unidades,PD092294,39.9,39.9,Disponível,Planta Delivery,,"NOME CIENTÍFICO Tagetes patula; NOMES POPULARES Tagetes-anão, Cravo-de-defunto, Cravo-francês, Flor-de-estudante FAMÍLIA Asteraceae; CLIMA Continental, Equatorial, Mediterrâneo, Oceânico, Subtropical, Temperado, Tropical ORIGEM América do Norte Imagem Ilustrativa: A planta segue com vaso simples ou torrão. Instruções Básicas Caro cliente, assim que receber seu produto, retire-o da embalagem e o coloque em seu lugar definitivo de plantio, lembrando sempre que o mesmo deverá ter o dobro do tamanho do torrão da planta para que haja espaço para colocar substrato adicional para um melhor desenvolvimento e não esqueça de ler atentamente as informações de sua planta para um melhor cuidado.",https://cdn.awsli.com.br/1200x1200/1982/1982052/produto/138527955/a9bea4721f.jpg | https://cdn.awsli.com.br/1200x1200/1982/1982052/produto/138527955/9d4aff1d6c.jpg | https://cdn.awsli.com.br/1200x1200/1982/1982052/produto/138527455/87d5ea568f.jpg | https://cdn.awsli.com.br/1200x1200/1982/1982052/produto/138465263/d5cb92cb8a.jpg | https://cdn.awsli.com.br/1200x1200/1982/1982052/produto/174033709/146cc62d69.jpg | https://cdn.awsli.com.br/1200x1200/1982/1982052/produto/138609282/03311cb540.jpg,https://www.plantadelivery.com.br/tagetes-anao-caixa-com-15-unidades
Tangerina Mexerica,PD102216,21.65,129.9,Disponível,Planta Delivery,,"Tamanho aproximado: 1,00 m a 1,50 m NOME CIENTÍFICO Citrus deliciosa NOMES POPULARES Tangerina, Bergamota, mimosa Família Rutaceae. Clima Equatorial, Mediterrâneo, Semi-árido, Subtropical, Tropical. Origem Mediterrânea. Imagem Ilustrativa: A planta segue com vaso simples ou torrão. Instruções Básicas Caro cliente, assim que receber seu produto, retire-o da embalagem e o coloque em seu lugar definitivo de plantio, lembrando sempre que o mesmo deverá ter o dobro do tamanho do torrão da planta para que haja espaço para colocar substrato adicional para um melhor desenvolvimento e não esqueça de ler atentamente as informações de sua planta para um melhor cuidado.",https://cdn.awsli.com.br/1200x1200/1982/1982052/produto/138705958/607c47a354.jpg | https://cdn.awsli.com.br/1200x1200/1982/1982052/produto/138705958/45efb52dce.jpg | https://cdn.awsli.com.br/1200x1200/1982/1982052/produto/138705264/060cf3b77b.jpg,https://www.plantadelivery.com.br/tangerina-mexerica
Tangerina Pocãs,PD102214,21.65,129.9,Disponível,Planta Delivery,,"Tamanho aproximado: 1,00 m a 1,50 m NOME CIENTÍFICO Citrus reticulata NOMES POPULARES Tangerina, pokan, ponkan Família Rutaceae. Clima Equatorial, Subtropical, Tropical. Origem Sul da China. Imagem Ilustrativa: A planta segue com vaso simples ou torrão. Instruções Básicas Caro cliente, assim que receber seu produto, retire-o da embalagem e o coloque em seu lugar definitivo de plantio, lembrando sempre que o mesmo deverá ter o dobro do tamanho do torrão da planta para que haja espaço para colocar substrato adicional para um melhor desenvolvimento e não esqueça de ler atentamente as informações de sua planta para um melhor cuidado.",https://cdn.awsli.com.br/1200x1200/1982/1982052/produto/138705264/060cf3b77b.jpg | https://cdn.awsli.com.br/1200x1200/1982/1982052/produto/138705264/d06cbc6a9c.jpg | https://cdn.awsli.com.br/1200x1200/1982/1982052/produto/138705958/607c47a354.jpg,https://www.plantadelivery.com.br/tangerina-pocas
Tostão - Cuia 21,PD0922120,89.9,89.9,Disponível,Planta Delivery,,"NOME CIENTÍFICO Callisia repens; NOMES POPULARES Dinheiro-em-penca, Dinheirinho, Mosquitinho, Tostão FAMÍLIA Commelinaceae; CLIMA Equatorial, Subtropical, Tropical ORIGEM América Central, América do Sul Imagem Ilustrativa: A planta segue com vaso simples ou torrão. Instruções Básicas Caro cliente, assim que receber seu produto, retire-o da embalagem e o coloque em seu lugar definitivo de plantio, lembrando sempre que o mesmo deverá ter o dobro do tamanho do torrão da planta para que haja espaço para colocar substrato adicional para um melhor desenvolvimento e não esqueça de ler atentamente as informações de sua planta para um melhor cuidado.",https://cdn.awsli.com.br/1200x1200/1982/1982052/produto/138550003/ea1adf2c0b.jpg | https://cdn.awsli.com.br/1200x1200/1982/1982052/produto/138613594/d09b158ce5.jpg | https://cdn.awsli.com.br/1200x1200/1982/1982052/produto/138578431/2ce6bacadd.jpg | https://cdn.awsli.com.br/1200x1200/1982/1982052/produto/138541557/69517c99b4.jpg | https://cdn.awsli.com.br/1200x1200/1982/1982052/produto/138551260/9d80068874.jpg,https://www.plantadelivery.com.br/tostao-cuia-21
Trapoeraba,PD0922111,79.9,79.9,Disponível,Planta Delivery,,"NOME CIENTÍFICO Commelina erecta; NOMES POPULARES Trapoeraba, Andaca, Santa-luzia; FAMÍLIA Commelinaceae; CLIMA Continental, Equatorial, Mediterrâneo, Oceânico, Subtropical, Temperado, Tropical; ORIGEM América Central, América do Norte, América do Sul Imagem Ilustrativa: A planta segue com vaso simples ou torrão. Instruções Básicas Caro cliente, assim que receber seu produto, retire-o da embalagem e o coloque em seu lugar definitivo de plantio, lembrando sempre que o mesmo deverá ter o dobro do tamanho do torrão da planta para que haja espaço para colocar substrato adicional para um melhor desenvolvimento e não esqueça de ler atentamente as informações de sua planta para um melhor cuidado.",https://cdn.awsli.com.br/1200x1200/1982/1982052/produto/138546181/be429f0439.jpg,https://www.plantadelivery.com.br/trapoeraba
Triális,PD0922184,89.9,89.9,Disponível,Planta Delivery,,"NOME CIENTÍFICO Galphimia brasiliensis; NOMES POPULARES Triális, Resedá-amarelo; FAMÍLIA Malpighiaceae. ; CLIMA Equatorial, Subtropical, Tropical ORIGEM América do Sul, Brasil Imagem Ilustrativa: A planta segue com vaso simples ou torrão. Instruções Básicas Caro cliente, assim que receber seu produto, retire-o da embalagem e o coloque em seu lugar definitivo de plantio, lembrando sempre que o mesmo deverá ter o dobro do tamanho do torrão da planta para que haja espaço para colocar substrato adicional para um melhor desenvolvimento e não esqueça de ler atentamente as informações de sua planta para um melhor cuidado.",https://cdn.awsli.com.br/1200x1200/1982/1982052/produto/138632161/02d02ab45e.jpg | https://cdn.awsli.com.br/1200x1200/1982/1982052/produto/138632161/ac45e8be0b.jpg | https://cdn.awsli.com.br/1200x1200/1982/1982052/produto/138632161/e94dc91a55.jpg,https://www.plantadelivery.com.br/trialis
Tumbérgia Arbustiva,PD0922133,89.9,49.9,Disponível,Planta Delivery,,"NOME CIENTÍFICO Thunbergia erecta; NOMES POPULARES Tumbérgia-arbustiva, Manto-de-rei;; FAMÍLIA Acanthaceae. ; CLIMA Equatorial, Subtropical, Tropical; ORIGEM África Imagem Ilustrativa: A planta segue com vaso simples ou torrão. Instruções Básicas Caro cliente, assim que receber seu produto, retire-o da embalagem e o coloque em seu lugar definitivo de plantio, lembrando sempre que o mesmo deverá ter o dobro do tamanho do torrão da planta para que haja espaço para colocar substrato adicional para um melhor desenvolvimento e não esqueça de ler atentamente as informações de sua planta para um melhor cuidado.",https://cdn.awsli.com.br/1200x1200/1982/1982052/produto/138609422/ceb364c1a0.jpg | https://cdn.awsli.com.br/1200x1200/1982/1982052/produto/138609422/1a8ed9dabc.jpg | https://cdn.awsli.com.br/1200x1200/1982/1982052/produto/138433629/6f15ead247.jpg,https://www.plantadelivery.com.br/tumbergia-arbustiva
Tumbérgia Trepadeira,PD092206,49.9,89.9,Disponível,Planta Delivery,,"NOME CIENTÍFICO Thunbergia erecta; NOMES POPULARES Tumbérgia-trepadeira, Manto-de-rei;; FAMÍLIA Acanthaceae. ; CLIMA Equatorial, Subtropical, Tropical; ORIGEM África Imagem Ilustrativa: A planta segue com vaso simples ou torrão. Instruções Básicas Caro cliente, assim que receber seu produto, retire-o da embalagem e o coloque em seu lugar definitivo de plantio, lembrando sempre que o mesmo deverá ter o dobro do tamanho do torrão da planta para que haja espaço para colocar substrato adicional para um melhor desenvolvimento e não esqueça de ler atentamente as informações de sua planta para um melhor cuidado.",https://cdn.awsli.com.br/1200x1200/1982/1982052/produto/138433629/6f15ead247.jpg | https://cdn.awsli.com.br/1200x1200/1982/1982052/produto/138433629/137a1517cc.jpg | https://cdn.awsli.com.br/1200x1200/1982/1982052/produto/138609422/ceb364c1a0.jpg | https://cdn.awsli.com.br/1200x1200/1982/1982052/produto/138433102/235b0cf9fc.jpg,https://www.plantadelivery.com.br/tumbergia-trepadeira
Agave Dragão / Agave Attenuata,PD1221212,179.9,89.9,Disponível,Planta Delivery,,"Tamanho aproximado: 0,20 cm a 0,50 cm O agave-dragão é uma planta muito utilizada no paisagismo, em composição com outras plantas ou em maciços. Tem folhas suculentas verde-claras com superfície acinzentada. Pode emitir uma inflorescência longa e cilíndrica com muitas florezinhas. Com o tempo, surgem desta inflorescência, diversas mudinhas de novos agaves-dragão. Deve ser plantado a pleno sol, com solo fértil, drenável e com regas regulares. O agave-dragão viceja com muito mais facilidade no calor. Combina muito bem com jardins geométricos e tropicais. NOME CIENTÍFICO Agave attenuata NOMES POPULARES Agave-dragão, Tromba-de-elefante FAMÍLIA Agavaceae CLIMA Equatorial, Subtropical, Tropical ORIGEM América do Norte, México ALTURA Pode chegar a 1,5 metros. LUMINOSIDADE Sol pleno. CICLO DE VIDA Perene. Imagem Ilustrativa: A planta segue com vaso simples ou torrão. Instruções Básicas: Caro cliente, assim que receber seu produto, retire-o da embalagem e o coloque em seu lugar definitivo de plantio, lembrando sempre que o mesmo deverá ter o dobro do tamanho do torrão da planta para que haja espaço para colocar substrato adicional para um melhor desenvolvimento e não esqueça de ler atentamente as informações de sua planta para um melhor cuidado.",https://cdn.awsli.com.br/1200x1200/1982/1982052/produto/139267799/3013710908.jpg | https://cdn.awsli.com.br/1200x1200/1982/1982052/produto/139267799/78b5346596.jpg | https://cdn.awsli.com.br/1200x1200/1982/1982052/produto/138624745/134879e521.jpg | https://cdn.awsli.com.br/1200x1200/1982/1982052/produto/138611170/2a9ae5cddd.jpg | https://cdn.awsli.com.br/1200x1200/1982/1982052/produto/138611281/14e7284859.jpg,https://www.plantadelivery.com.br/uepbup341-agave-dragao-agave-attenuata-2022-01-17-21-04-48
Uva Vitória,PD102217,21.65,129.9,Disponível,Planta Delivery,,"NOME CIENTÍFICO Vitis vinifera L. NOMES POPULARES Uva, Parreira, Videira, Vinha. Família Vitaceae. Clima Mediterrâneo, Subtropical, Temperado, Tropical.. Origem Ásia. Imagem Ilustrativa: A planta segue com vaso simples ou torrão. Instruções Básicas Caro cliente, assim que receber seu produto, retire-o da embalagem e o coloque em seu lugar definitivo de plantio, lembrando sempre que o mesmo deverá ter o dobro do tamanho do torrão da planta para que haja espaço para colocar substrato adicional para um melhor desenvolvimento e não esqueça de ler atentamente as informações de sua planta para um melhor cuidado.",https://cdn.awsli.com.br/1200x1200/1982/1982052/produto/138711641/3ad9ac5c75.jpg | https://cdn.awsli.com.br/1200x1200/1982/1982052/produto/138711641/fffaa1a26e.jpg | https://cdn.awsli.com.br/1200x1200/1982/1982052/produto/138711641/02fad8e481.jpg,https://www.plantadelivery.com.br/uva
Xanadu,PD0922151,89.9,89.9,Disponível,Planta Delivery,,"NOME CIENTÍFICO Philodendron xanadu; NOMES POPULARES Xanadu, Filodendro-xanadu; FAMÍLIA Araceae. ; CLIMA Equatorial, Oceânico, Subtropical, Tropical; ORIGEM América do Sul, Brasil Imagem Ilustrativa: A planta segue com vaso simples ou torrão. Instruções Básicas Caro cliente, assim que receber seu produto, retire-o da embalagem e o coloque em seu lugar definitivo de plantio, lembrando sempre que o mesmo deverá ter o dobro do tamanho do torrão da planta para que haja espaço para colocar substrato adicional para um melhor desenvolvimento e não esqueça de ler atentamente as informações de sua planta para um melhor cuidado.",https://cdn.awsli.com.br/1200x1200/1982/1982052/produto/138614582/5f74843ed8.jpg,https://www.plantadelivery.com.br/xanadu
Yucca,PD122124,23.31,139.9,Disponível,Planta Delivery,,"Tamanho aproximado: 0,30 a 0,60 m A iuca-gigante é um arbusto ou árvore, de aspecto escultural. Seu tronco pode ser simples ou múltiplo e com o tempo vai se tornando cada vez mais áspero e rugoso, com a base dilatada. As folhas surgem em roseta espiral e são acuminadas, verdes, longas, brilhantes, rígidas e com bordos serrilhados. Diferente de outras iucas, esta não possui espinhos. Como em algumas palmeiras, as folhas mortas podem demorar a cair, formando uma saia sob a copa. A inflorescência é ereta e exuberante, surgindo acima da folhagem na primavera e verão. As flores são cerosas, brancas e em forma de sino. Elas necessitam de uma mariposa específica para a polinização. Os frutos que se seguem são ovais, carnosos e de cor marrom. Ocorre ainda uma forma variegada da plana, com folhas margeadas de creme ou amarelo. As iucas-gigantes são excelentes para emoldurar prédios e casas de dois ou mais pisos. Elas necessitam de terrenos grandes para se desenvolver plenamente e não ficarem desproporcionais com o crescimento. Ficam majestosas em jardins tropicais e contemporâneos. Podem ser plantadas isoladas ou formando renques. Os exemplares jovens, quando envasados, são muito aproveitados como plantas de interior, adornando salas, escritórios, e muitas vezes corredores e praças de shopping centers. As inflorescências, denominadas Izotes, nos países da América Central, são as flores símbolo de El Salvador. Elas são utilizadas em arranjos florais por serem vistosas e muito duráveis. As pétalas são comestíveis e utilizadas por seu sabor azedo em preparações culinárias. Deve ser cultivada sob sol pleno, em solo fértil, bem drenável e irrigado regularmente. Tolera diferentes tipos de solo, mas deve-se evitar os mais argilosos ou com problemas de drenagem. O excesso de água provocará facilmente o apodrecimento das raízes. Depois de bem estabelecida é extremamente resistente à estiagem. Aceita de forma moderada solos com teores elevados de sal, como os presentes no litoral. Tol",https://cdn.awsli.com.br/1200x1200/1982/1982052/produto/139833402/c178c123f0.jpg,https://www.plantadelivery.com.br/yucca-
Zamioculca,PD0922137,129.9,79.9,Disponível,Planta Delivery,,"NOME CIENTÍFICO Zamioculcas zamiifolia NOMES POPULARES Zamioculcas, Zamioculca; FAMÍLIA Araceae. ; CLIMA Equatorial, Mediterrâneo, Subtropical, Tropical; ORIGEM África Imagem Ilustrativa: A planta segue com vaso simples ou torrão. Instruções Básicas Caro cliente, assim que receber seu produto, retire-o da embalagem e o coloque em seu lugar definitivo de plantio, lembrando sempre que o mesmo deverá ter o dobro do tamanho do torrão da planta para que haja espaço para colocar substrato adicional para um melhor desenvolvimento e não esqueça de ler atentamente as informações de sua planta para um melhor cuidado.",https://cdn.awsli.com.br/1200x1200/1982/1982052/produto/138610141/21febb9835.jpg | https://cdn.awsli.com.br/1200x1200/1982/1982052/produto/177273619/3dc8b35c62.jpg,https://www.plantadelivery.com.br/zamioculca
Zebrina - C21,6PJG55PJJ,79.9,59.9,Disponível,Planta Delivery,,"NOME CIENTÍFICO Tradescantia zebrina; NOMES POPULARES Lambari, Judeu-errante, Trapoeraba-roxa, Trapoeraba-zebra. FAMÍLIA Commelinaceae. CLIMA Mediterrâneo, Subtropical, Temperado; ORIGEM América do Sul, Argentina. Imagem Ilustrativa: A planta segue com vaso simples ou torrão. Instruções Básicas Caro cliente, assim que receber seu produto, retire-o da embalagem e o coloque em seu lugar definitivo de plantio, lembrando sempre que o mesmo deverá ter o dobro do tamanho do torrão da planta para que haja espaço para colocar substrato adicional para um melhor desenvolvimento e não esqueça de ler atentamente as informações de sua planta para um melhor cuidado.",https://cdn.awsli.com.br/1200x1200/1982/1982052/produto/147629278/b1012970f1.jpg | https://cdn.awsli.com.br/1200x1200/1982/1982052/produto/138535261/1c5d166ecc.jpg,https://www.plantadelivery.com.br/zebrina
